<DATE>	<TIME>	<OPEN>	<HIGH>	<LOW>	<CLOSE>	<TICKVOL>	<VOL>	<SPREAD>
2026.01.01	20:00:00	4328.340	4351.507	4327.673	4348.349	8136	0	160
2026.01.02	00:00:00	4348.358	4375.846	4341.279	4375.173	49423	0	160
2026.01.02	04:00:00	4375.130	4383.326	4370.946	4382.800	40769	0	160
2026.01.02	08:00:00	4382.763	4399.384	4380.490	4392.898	40181	0	160
2026.01.02	12:00:00	4392.888	4402.465	4330.241	4335.470	129122	0	160
2026.01.02	16:00:00	4335.417	4337.401	4309.673	4318.185	102349	0	160
2026.01.02	20:00:00	4318.228	4333.960	4317.152	4331.759	20423	0	160
2026.01.04	20:00:00	4353.486	4375.927	4349.834	4372.570	15653	0	160
2026.01.05	00:00:00	4372.597	4421.140	4370.227	4399.941	115592	0	160
2026.01.05	04:00:00	4399.909	4426.559	4397.428	4421.826	57379	0	160
2026.01.05	08:00:00	4421.868	4440.011	4411.073	4419.349	56121	0	160
2026.01.05	12:00:00	4419.316	4455.697	4395.895	4448.524	122026	0	160
2026.01.05	16:00:00	4448.487	4454.479	4432.261	4439.845	70264	0	160
2026.01.05	20:00:00	4439.805	4460.290	4436.869	4440.334	29525	0	160
2026.01.06	00:00:00	4440.426	4468.212	4427.675	4467.805	74806	0	160
2026.01.06	04:00:00	4467.682	4474.275	4449.440	4459.479	57129	0	160
2026.01.06	08:00:00	4459.501	4476.002	4442.565	4463.377	54732	0	160
2026.01.06	12:00:00	4463.319	4490.968	4453.975	4478.351	98855	0	160
2026.01.06	16:00:00	4478.320	4494.127	4471.616	4481.409	68422	0	160
2026.01.06	20:00:00	4481.378	4500.541	4480.296	4493.223	25462	0	160
2026.01.07	00:00:00	4493.308	4495.931	4459.455	4474.703	86576	0	160
2026.01.07	04:00:00	4474.645	4476.083	4441.419	4461.273	76880	0	160
2026.01.07	08:00:00	4461.183	4474.845	4446.584	4447.469	47930	0	160
2026.01.07	12:00:00	4447.441	4455.125	4423.560	4446.078	124631	0	160
2026.01.07	16:00:00	4446.044	4468.439	4443.910	4456.852	70535	0	160
2026.01.07	20:00:00	4456.896	4464.170	4449.794	4463.418	28174	0	160
2026.01.08	00:00:00	4463.438	4466.480	4433.334	4440.299	71879	0	160
2026.01.08	04:00:00	4440.323	4440.571	4415.511	4431.056	72918	0	160
2026.01.08	08:00:00	4430.976	4435.449	4419.832	4422.728	49522	0	160
2026.01.08	12:00:00	4422.769	4456.536	4407.557	4454.150	123063	0	160
2026.01.08	16:00:00	4454.191	4465.503	4444.332	4452.141	67246	0	160
2026.01.08	20:00:00	4452.020	4484.203	4451.420	4475.597	34086	0	160
2026.01.09	00:00:00	4475.632	4476.742	4452.840	4464.219	63597	0	160
2026.01.09	04:00:00	4464.226	4477.388	4458.040	4470.230	45045	0	160
2026.01.09	08:00:00	4470.267	4477.674	4463.971	4475.430	36643	0	160
2026.01.09	12:00:00	4475.406	4517.180	4458.906	4512.272	132468	0	160
2026.01.09	16:00:00	4512.371	4514.408	4482.001	4499.322	75675	0	160
2026.01.09	20:00:00	4499.294	4511.179	4497.779	4509.075	19966	0	160
2026.01.11	20:00:00	4517.918	4545.010	4517.918	4539.960	13225	0	160
2026.01.12	00:00:00	4540.028	4601.220	4536.272	4570.658	125907	0	160
2026.01.12	04:00:00	4570.695	4589.641	4563.516	4587.700	59891	0	160
2026.01.12	08:00:00	4587.743	4599.355	4579.506	4585.272	54417	0	160
2026.01.12	12:00:00	4585.261	4627.426	4578.449	4621.268	129570	0	160
2026.01.12	16:00:00	4621.242	4630.183	4600.443	4611.105	72529	0	160
2026.01.12	20:00:00	4611.138	4611.760	4577.934	4599.371	43966	0	160
2026.01.13	00:00:00	4599.408	4599.717	4575.450	4594.166	69987	0	160
2026.01.13	04:00:00	4594.125	4602.247	4573.274	4580.548	54024	0	160
2026.01.13	08:00:00	4580.515	4597.225	4579.536	4588.503	42297	0	160
2026.01.13	12:00:00	4588.599	4634.796	4577.847	4619.104	120655	0	160
2026.01.13	16:00:00	4619.001	4620.796	4581.046	4597.503	92504	0	160
2026.01.13	20:00:00	4597.539	4598.857	4569.234	4597.136	39053	0	160
2026.01.14	00:00:00	4597.181	4630.088	4597.117	4628.238	64741	0	160
2026.01.14	04:00:00	4628.316	4639.887	4617.789	4632.634	67272	0	160
2026.01.14	08:00:00	4632.562	4639.669	4621.938	4630.327	50674	0	160
2026.01.14	12:00:00	4630.340	4641.989	4599.345	4617.855	125059	0	160
2026.01.14	16:00:00	4617.892	4643.189	4601.076	4639.223	92897	0	160
2026.01.14	20:00:00	4639.221	4641.566	4602.868	4615.294	57089	0	160
2026.01.15	00:00:00	4615.256	4618.187	4581.069	4592.282	107905	0	160
2026.01.15	04:00:00	4592.258	4613.611	4580.995	4601.818	69229	0	160
2026.01.15	08:00:00	4601.775	4623.032	4597.807	4619.132	47531	0	160
2026.01.15	12:00:00	4619.184	4620.792	4582.142	4615.473	115552	0	160
2026.01.15	16:00:00	4615.438	4624.902	4601.162	4615.794	65983	0	160
2026.01.15	20:00:00	4615.908	4620.994	4600.757	4610.284	35450	0	160
2026.01.16	00:00:00	4610.243	4611.358	4591.237	4596.491	67148	0	160
2026.01.16	04:00:00	4596.353	4616.221	4593.851	4607.513	51167	0	160
2026.01.16	08:00:00	4607.466	4616.141	4598.593	4612.471	39271	0	160
2026.01.16	12:00:00	4612.510	4620.563	4536.729	4571.398	150506	0	160
2026.01.16	16:00:00	4571.351	4599.058	4567.943	4590.572	102694	0	160
2026.01.16	20:00:00	4590.587	4598.544	4580.874	4596.588	26203	0	160
2026.01.18	20:00:00	4655.358	4690.700	4653.824	4672.573	25474	0	160
2026.01.19	00:00:00	4672.630	4682.114	4653.138	4658.521	95659	0	160
2026.01.19	04:00:00	4658.556	4679.037	4658.134	4665.186	44797	0	160
2026.01.19	08:00:00	4665.140	4673.846	4659.587	4660.705	41527	0	160
2026.01.19	12:00:00	4660.676	4676.076	4660.078	4674.329	46222	0	160
2026.01.19	16:00:00	4674.283	4680.490	4667.059	4670.928	24838	0	160
2026.01.19	20:00:00	4673.440	4673.595	4664.575	4665.406	6544	0	160
2026.01.20	00:00:00	4665.371	4681.609	4659.455	4680.157	49541	0	160
2026.01.20	04:00:00	4680.115	4722.775	4679.684	4716.168	65148	0	160
2026.01.20	08:00:00	4716.195	4737.424	4714.966	4733.029	54699	0	160
2026.01.20	12:00:00	4732.985	4751.203	4715.232	4737.495	146140	0	160
2026.01.20	16:00:00	4737.464	4766.367	4729.054	4760.696	74022	0	160
2026.01.20	20:00:00	4760.699	4781.083	4747.418	4775.878	57779	0	160
2026.01.21	00:00:00	4775.829	4849.968	4770.751	4845.003	99682	0	160
2026.01.21	04:00:00	4845.003	4888.495	4832.514	4855.166	98571	0	160
2026.01.21	08:00:00	4855.142	4877.107	4851.529	4866.812	60844	0	160
2026.01.21	12:00:00	4866.845	4880.975	4812.704	4847.815	172942	0	160
2026.01.21	16:00:00	4847.861	4855.790	4755.850	4781.264	205131	0	160
2026.01.21	20:00:00	4781.229	4839.807	4772.325	4778.381	91025	0	160
2026.01.22	00:00:00	4778.317	4809.639	4772.208	4796.604	96343	0	160
2026.01.22	04:00:00	4796.582	4838.859	4793.688	4832.684	56106	0	160
2026.01.22	08:00:00	4832.659	4837.972	4813.895	4831.124	51884	0	160
2026.01.22	12:00:00	4831.108	4873.721	4810.693	4871.714	108862	0	160
2026.01.22	16:00:00	4871.756	4924.477	4868.085	4911.663	100460	0	160
2026.01.22	20:00:00	4911.700	4960.587	4911.393	4958.972	46317	0	160
2026.01.23	00:00:00	4959.011	4967.529	4936.266	4952.007	85413	0	160
2026.01.23	04:00:00	4951.971	4967.307	4943.340	4944.413	51378	0	160
2026.01.23	08:00:00	4944.349	4947.579	4899.542	4922.962	84510	0	160
2026.01.23	12:00:00	4922.999	4963.375	4918.292	4960.584	118101	0	160
2026.01.23	16:00:00	4960.611	4989.804	4958.231	4984.331	96196	0	160
2026.01.23	20:00:00	4984.297	4989.050	4970.597	4988.337	30858	0	160
2026.01.25	20:00:00	5019.847	5040.296	5003.575	5039.789	30610	0	160
2026.01.26	00:00:00	5039.821	5093.104	5029.075	5076.541	134649	0	160
2026.01.26	04:00:00	5076.643	5111.144	5052.310	5089.275	110942	0	160
2026.01.26	08:00:00	5089.234	5098.657	5075.446	5091.438	72615	0	160
2026.01.26	12:00:00	5091.406	5097.353	5054.528	5090.917	145122	0	160
2026.01.26	16:00:00	5090.819	5105.153	5008.218	5028.697	249312	0	160
2026.01.26	20:00:00	5028.662	5062.342	4989.632	5043.629	134293	0	160
2026.01.27	00:00:00	5043.588	5079.843	5013.485	5076.871	130241	0	160
2026.01.27	04:00:00	5076.808	5100.962	5057.336	5086.128	89173	0	160
2026.01.27	08:00:00	5086.063	5099.601	5066.820	5076.734	76338	0	160
2026.01.27	12:00:00	5076.702	5092.975	5046.496	5091.074	200241	0	160
2026.01.27	16:00:00	5091.040	5103.130	5076.186	5098.926	130185	0	160
2026.01.27	20:00:00	5098.952	5190.490	5097.854	5172.433	140760	0	160
2026.01.28	00:00:00	5172.389	5247.780	5157.059	5235.049	156180	0	160
2026.01.28	04:00:00	5234.986	5292.818	5232.359	5290.397	97327	0	160
2026.01.28	08:00:00	5290.353	5311.516	5238.576	5261.638	122747	0	160
2026.01.28	12:00:00	5261.700	5298.152	5235.248	5278.235	246255	0	160
2026.01.28	16:00:00	5278.276	5332.219	5268.483	5325.429	239560	0	160
2026.01.28	20:00:00	5325.399	5570.018	5320.898	5513.022	187243	0	160
2026.01.29	00:00:00	5512.989	5551.669	5445.471	5545.769	280518	0	160
2026.01.29	04:00:00	5545.731	5595.338	5516.108	5548.968	191589	0	160
2026.01.29	08:00:00	5548.933	5554.952	5470.740	5522.666	167507	0	160
2026.01.29	12:00:00	5522.639	5549.504	5094.978	5182.895	260523	0	160
2026.01.29	16:00:00	5182.780	5375.460	5172.031	5305.702	274602	0	160
2026.01.29	20:00:00	5305.771	5448.551	5282.791	5438.589	112596	0	160
2026.01.30	00:00:00	5438.551	5450.946	5112.046	5196.573	535613	0	160
2026.01.30	04:00:00	5196.535	5241.616	5117.625	5181.217	294241	0	160
2026.01.30	08:00:00	5181.171	5181.171	4940.267	5136.072	496030	0	160
2026.01.30	12:00:00	5136.100	5145.895	4980.398	5050.424	465223	0	160
2026.01.30	16:00:00	5050.472	5051.665	4682.526	4932.661	422454	0	160
2026.01.30	20:00:00	4932.701	4932.980	4809.015	4891.496	101400	0	160
2026.02.01	20:00:00	4793.519	4819.788	4697.912	4741.422	41099	0	160
2026.02.02	00:00:00	4741.564	4884.890	4585.329	4646.594	320478	0	160
2026.02.02	04:00:00	4646.495	4713.526	4401.961	4587.175	312877	0	160
2026.02.02	08:00:00	4587.210	4779.775	4561.465	4766.028	213145	0	160
2026.02.02	12:00:00	4765.857	4812.462	4617.049	4619.977	308164	0	160
2026.02.02	16:00:00	4620.053	4714.059	4596.499	4685.389	189599	0	160
2026.02.02	20:00:00	4685.485	4775.102	4643.759	4774.148	86080	0	160
2026.02.03	00:00:00	4774.235	4856.919	4745.469	4809.004	188105	0	160
2026.02.03	04:00:00	4809.176	4933.738	4800.841	4917.095	110479	0	160
2026.02.03	08:00:00	4917.165	4949.853	4883.513	4916.715	79569	0	160
2026.02.03	12:00:00	4916.917	4950.961	4892.211	4935.318	144590	0	160
2026.02.03	16:00:00	4935.437	4993.649	4880.340	4927.250	169178	0	160
2026.02.03	20:00:00	4927.168	4972.010	4902.293	4947.236	54048	0	160
2026.02.04	00:00:00	4947.389	5073.597	4945.697	5069.922	102841	0	240
2026.02.04	04:00:00	5070.008	5091.390	5050.959	5084.702	53319	0	240
2026.02.04	08:00:00	5084.618	5091.872	5013.507	5047.674	57583	0	240
2026.02.04	12:00:00	5047.564	5063.544	4887.331	4920.489	162281	0	240
2026.02.04	16:00:00	4920.095	4958.020	4852.153	4941.815	153775	0	160
2026.02.04	20:00:00	4941.764	5023.771	4914.170	5012.195	35736	0	160
2026.02.05	00:00:00	5012.269	5020.510	4788.660	4880.507	198361	0	160
2026.02.05	04:00:00	4880.431	4940.996	4826.294	4915.076	112535	0	160
2026.02.05	08:00:00	4915.205	4943.562	4847.059	4868.287	100326	0	160
2026.02.05	12:00:00	4868.302	4877.993	4800.543	4817.668	222152	0	160
2026.02.05	16:00:00	4817.565	4906.881	4812.281	4829.338	131479	0	160
2026.02.05	20:00:00	4829.446	4843.154	4703.368	4703.768	61021	0	160
2026.02.06	00:00:00	4703.682	4846.460	4655.170	4824.288	173033	0	160
2026.02.06	04:00:00	4824.155	4903.302	4807.031	4841.047	72791	0	160
2026.02.06	08:00:00	4840.992	4895.912	4829.587	4887.023	63522	0	176
2026.02.06	12:00:00	4887.192	4964.740	4871.067	4943.436	96247	0	192
2026.02.06	16:00:00	4943.562	4971.459	4921.865	4957.186	49653	0	160
2026.02.06	20:00:00	4957.029	4968.252	4936.583	4968.156	16253	0	160
2026.02.08	20:00:00	4967.733	5046.912	4964.652	5035.956	13903	0	240
2026.02.09	00:00:00	5036.031	5044.959	4968.909	5016.239	74202	0	240
2026.02.09	04:00:00	5016.178	5045.760	4997.144	5006.390	49610	0	240
2026.02.09	08:00:00	5006.531	5040.851	4982.035	5010.646	49958	0	160
2026.02.09	12:00:00	5010.953	5060.226	4995.049	5058.777	69556	0	160
2026.02.09	16:00:00	5058.859	5080.708	5040.953	5074.599	39412	0	240
2026.02.09	20:00:00	5074.655	5086.709	4987.234	5031.915	31999	0	240
2026.02.10	00:00:00	5031.841	5056.428	5008.995	5030.003	65731	0	240
2026.02.10	04:00:00	5030.098	5045.467	5011.120	5033.946	43481	0	240
2026.02.10	08:00:00	5033.829	5063.001	5028.863	5055.875	36824	0	240
2026.02.10	12:00:00	5055.861	5078.675	4998.708	5019.698	72529	0	240
2026.02.10	16:00:00	5019.489	5040.070	5004.525	5028.074	45535	0	160
2026.02.10	20:00:00	5028.027	5054.391	5020.128	5041.562	32674	0	240
2026.02.11	00:00:00	5041.628	5061.015	5028.144	5054.486	37745	0	240
2026.02.11	04:00:00	5054.485	5069.162	5043.383	5055.443	33478	0	240
2026.02.11	08:00:00	5055.322	5116.816	5045.643	5111.602	39165	0	240
2026.02.11	12:00:00	5111.679	5119.271	5018.787	5060.311	105623	0	160
2026.02.11	16:00:00	5060.212	5098.960	5042.689	5082.166	48942	0	240
2026.02.11	20:00:00	5082.113	5100.174	5052.904	5061.409	22151	0	240
2026.02.12	00:00:00	5061.317	5074.620	5045.099	5056.951	44980	0	240
2026.02.12	04:00:00	5056.978	5078.200	5046.954	5063.694	30761	0	240
2026.02.12	08:00:00	5063.950	5081.056	5052.161	5063.967	26757	0	240
2026.02.12	12:00:00	5064.005	5083.751	5039.018	5060.611	50640	0	240
2026.02.12	16:00:00	5060.516	5068.316	4878.378	4945.686	203515	0	160
2026.02.12	20:00:00	4945.604	4948.402	4887.596	4920.353	36685	0	160
2026.02.13	00:00:00	4920.057	4991.766	4913.756	4981.499	55689	0	160
2026.02.13	04:00:00	4981.466	4997.318	4944.887	4974.907	42020	0	160
2026.02.13	08:00:00	4975.126	4989.477	4933.500	4954.031	40832	0	160
2026.02.13	12:00:00	4953.953	5020.842	4951.836	4976.912	89911	0	160
2026.02.13	16:00:00	4977.129	5046.075	4975.115	5023.634	50551	0	160
2026.02.13	20:00:00	5023.753	5046.131	5021.249	5042.635	19432	0	160
2026.02.15	20:00:00	5026.790	5032.356	5010.278	5019.875	10091	0	240
2026.02.16	00:00:00	5019.800	5031.519	4974.864	4987.739	36930	0	160
2026.02.16	04:00:00	4987.693	5009.960	4964.461	5007.255	28550	0	160
2026.02.16	08:00:00	5007.545	5017.238	4995.689	5004.255	24202	0	160
2026.02.16	12:00:00	5004.234	5008.147	4968.825	4979.754	29423	0	160
2026.02.16	16:00:00	4979.742	4997.939	4972.930	4993.856	20149	0	160
2026.02.16	20:00:00	4998.125	5000.758	4985.309	4990.001	5055	0	160
2026.02.17	00:00:00	4989.913	4991.598	4922.718	4956.967	39609	0	160
2026.02.17	04:00:00	4956.882	4960.369	4858.578	4917.017	50592	0	160
2026.02.17	08:00:00	4916.950	4939.200	4907.584	4929.144	34783	0	160
2026.02.17	12:00:00	4929.066	4944.408	4841.029	4878.269	106168	0	160
2026.02.17	16:00:00	4878.353	4910.850	4849.795	4880.471	68443	0	160
2026.02.17	20:00:00	4880.396	4887.047	4853.898	4859.541	24963	0	160
2026.02.18	00:00:00	4859.227	4922.233	4858.461	4920.891	29945	0	160
2026.02.18	04:00:00	4920.962	4942.381	4918.322	4930.336	22052	0	160
2026.02.18	08:00:00	4930.414	4932.449	4906.246	4912.905	26155	0	160
2026.02.18	12:00:00	4912.892	5009.016	4911.903	4997.847	52584	0	160
2026.02.18	16:00:00	4998.104	5010.992	4972.868	4980.677	40727	0	160
2026.02.18	20:00:00	4980.526	4988.721	4961.014	4976.273	19333	0	160
2026.02.19	00:00:00	4975.968	4983.589	4960.438	4981.841	25605	0	160
2026.02.19	04:00:00	4981.543	5021.945	4976.954	5010.381	20635	0	160
2026.02.19	08:00:00	5010.308	5022.086	4977.969	4984.714	29741	0	160
2026.02.19	12:00:00	4984.638	5022.380	4963.250	5013.714	55718	0	160
2026.02.19	16:00:00	5013.798	5014.444	4975.081	4987.838	38343	0	160
2026.02.19	20:00:00	4987.861	5007.947	4985.635	4987.790	15640	0	160
2026.02.20	00:00:00	4987.837	5014.708	4981.638	4988.106	27058	0	160
2026.02.20	04:00:00	4988.202	5030.213	4986.722	5006.545	23974	0	160
2026.02.20	08:00:00	5006.624	5042.685	5005.115	5017.410	28611	0	160
2026.02.20	12:00:00	5017.483	5064.115	4988.802	5042.512	98724	0	160
2026.02.20	16:00:00	5042.437	5079.950	5038.384	5079.309	63772	0	240
2026.02.20	20:00:00	5079.479	5108.075	5076.871	5105.788	15631	0	240
2026.02.22	20:00:00	5111.774	5171.925	5108.698	5165.430	11021	0	240
2026.02.23	00:00:00	5165.423	5176.727	5129.453	5166.872	48737	0	240
2026.02.23	04:00:00	5166.856	5168.760	5124.911	5136.784	31758	0	240
2026.02.23	08:00:00	5136.413	5163.504	5122.079	5149.902	30707	0	240
2026.02.23	12:00:00	5149.811	5205.155	5141.198	5196.309	51882	0	240
2026.02.23	16:00:00	5196.192	5219.227	5175.455	5215.561	53517	0	240
2026.02.23	20:00:00	5215.681	5249.573	5214.956	5235.990	21139	0	240
2026.02.24	00:00:00	5235.896	5238.157	5144.677	5172.029	71165	0	240
2026.02.24	04:00:00	5171.955	5185.793	5156.038	5179.039	34193	0	240
2026.02.24	08:00:00	5178.999	5181.913	5163.130	5172.892	28456	0	240
2026.02.24	12:00:00	5172.811	5173.652	5093.199	5150.197	79727	0	240
2026.02.24	16:00:00	5150.150	5170.101	5130.516	5154.120	38843	0	240
2026.02.24	20:00:00	5154.204	5173.241	5127.482	5146.596	19505	0	240
2026.02.25	00:00:00	5146.594	5194.026	5136.288	5182.218	40980	0	240
2026.02.25	04:00:00	5182.121	5210.696	5171.603	5184.692	27978	0	240
2026.02.25	08:00:00	5184.797	5197.300	5154.789	5181.250	29888	0	240
2026.02.25	12:00:00	5181.172	5202.571	5158.569	5194.997	46244	0	240
2026.02.25	16:00:00	5194.910	5217.677	5189.491	5205.148	33721	0	240
2026.02.25	20:00:00	5204.836	5206.310	5145.693	5163.182	34843	0	240
2026.02.26	00:00:00	5163.276	5198.205	5155.233	5192.733	45444	0	240
2026.02.26	04:00:00	5192.365	5205.763	5179.481	5185.817	26402	0	240
2026.02.26	08:00:00	5186.145	5190.884	5161.111	5164.435	31986	0	240
2026.02.26	12:00:00	5164.564	5192.771	5130.383	5185.288	74581	0	240
2026.02.26	16:00:00	5185.762	5194.022	5160.433	5187.123	47004	0	240
2026.02.26	20:00:00	5187.041	5200.917	5175.363	5184.468	17974	0	240
2026.02.27	00:00:00	5184.437	5199.773	5166.600	5184.125	37633	0	240
2026.02.27	04:00:00	5184.028	5200.672	5175.480	5176.152	27022	0	240
2026.02.27	08:00:00	5176.230	5185.354	5168.352	5185.354	24628	0	240
2026.02.27	12:00:00	5185.429	5246.542	5182.863	5239.416	68520	0	240
2026.02.27	16:00:00	5239.496	5257.681	5220.629	5250.137	51474	0	240
2026.02.27	20:00:00	5250.212	5281.384	5248.519	5279.159	15564	0	240
2026.03.01	20:00:00	5319.152	5393.261	5314.569	5387.054	16670	0	360
2026.03.02	00:00:00	5386.554	5388.177	5303.022	5366.264	90765	0	360
2026.03.02	04:00:00	5366.257	5419.131	5340.466	5407.701	46340	0	360
2026.03.02	08:00:00	5407.622	5416.489	5374.929	5385.060	46972	0	360
2026.03.02	12:00:00	5385.145	5416.561	5306.233	5316.110	123163	0	360
2026.03.02	16:00:00	5316.025	5334.073	5260.137	5330.573	89600	0	360
2026.03.02	20:00:00	5330.662	5347.077	5321.599	5345.667	30963	0	360
2026.03.03	00:00:00	5345.672	5379.859	5332.434	5367.112	53562	0	360
2026.03.03	04:00:00	5367.203	5375.608	5278.988	5327.440	63616	0	360
2026.03.03	08:00:00	5327.337	5335.637	5073.054	5144.675	147228	0	360
2026.03.03	12:00:00	5144.766	5226.692	4995.830	5095.315	242214	0	240
2026.03.03	16:00:00	5095.229	5149.217	5065.045	5112.975	134622	0	240
2026.03.03	20:00:00	5113.208	5130.529	5083.023	5125.035	48648	0	240
2026.03.04	00:00:00	5125.067	5190.977	5105.564	5174.587	76825	0	240
2026.03.04	04:00:00	5174.467	5180.806	5121.224	5168.239	56307	0	240
2026.03.04	08:00:00	5168.332	5202.465	5147.162	5192.171	48893	0	240
2026.03.04	12:00:00	5191.867	5206.031	5130.834	5151.456	112747	0	240
2026.03.04	16:00:00	5151.572	5162.527	5108.599	5137.784	65284	0	240
2026.03.04	20:00:00	5137.709	5165.997	5123.593	5164.941	46124	0	240
2026.03.05	00:00:00	5164.866	5195.043	5159.489	5180.399	40214	0	240
2026.03.05	04:00:00	5180.262	5186.793	5120.576	5162.014	41739	0	240
2026.03.05	08:00:00	5162.179	5180.430	5137.448	5163.448	40898	0	240
2026.03.05	12:00:00	5163.459	5171.633	5059.692	5102.463	114454	0	240
2026.03.05	16:00:00	5102.444	5104.446	5050.660	5065.775	86024	0	240
2026.03.05	20:00:00	5065.626	5101.895	5061.593	5086.323	31033	0	240
2026.03.06	00:00:00	5086.144	5144.025	5065.970	5130.883	43979	0	240
2026.03.06	04:00:00	5131.201	5136.229	5105.609	5119.349	27373	0	360
2026.03.06	08:00:00	5119.427	5123.246	5062.355	5076.696	38605	0	240
2026.03.06	12:00:00	5076.803	5171.783	5065.206	5141.994	119275	0	240
2026.03.06	16:00:00	5141.912	5174.683	5125.778	5159.862	56575	0	360
2026.03.06	20:00:00	5159.939	5176.703	5149.535	5174.204	16629	0	360
2026.03.08	20:00:00	5178.932	5180.331	5044.114	5075.404	41897	0	240
2026.03.09	00:00:00	5076.087	5102.494	5014.417	5091.172	100268	0	360
2026.03.09	04:00:00	5091.067	5140.529	5080.782	5098.826	55334	0	360
2026.03.09	08:00:00	5098.745	5132.560	5079.249	5088.106	51546	0	360
2026.03.09	12:00:00	5088.189	5116.250	5060.369	5099.361	83373	0	240
2026.03.09	16:00:00	5099.605	5144.016	5088.903	5141.092	45365	0	240
2026.03.09	20:00:00	5141.169	5156.005	5117.614	5139.380	22226	0	360
2026.03.10	00:00:00	5139.670	5187.169	5124.528	5157.744	47628	0	360
2026.03.10	04:00:00	5157.462	5181.359	5154.385	5180.697	27150	0	360
2026.03.10	08:00:00	5180.781	5195.183	5156.568	5174.886	35905	0	360
2026.03.10	12:00:00	5175.115	5238.489	5162.559	5228.735	60181	0	360
2026.03.10	16:00:00	5228.820	5235.633	5160.051	5198.931	60859	0	360
2026.03.10	20:00:00	5198.634	5199.219	5182.745	5196.830	16829	0	360
2026.03.11	00:00:00	5196.904	5223.158	5186.588	5203.406	33496	0	360
2026.03.11	04:00:00	5203.033	5210.822	5184.344	5195.486	27305	0	360
2026.03.11	08:00:00	5195.382	5198.462	5175.047	5180.962	32434	0	360
2026.03.11	12:00:00	5181.253	5196.641	5148.884	5166.002	66896	0	360
2026.03.11	16:00:00	5166.304	5183.167	5154.005	5182.949	32376	0	360
2026.03.11	20:00:00	5182.864	5183.507	5129.683	5134.279	17141	0	360
2026.03.12	00:00:00	5134.137	5175.209	5125.354	5152.906	38450	0	360
2026.03.12	04:00:00	5152.988	5185.430	5137.003	5181.772	24786	0	360
2026.03.12	08:00:00	5181.880	5191.747	5172.526	5178.754	25923	0	360
2026.03.12	12:00:00	5178.843	5186.094	5109.488	5132.488	69368	0	360
2026.03.12	16:00:00	5132.037	5137.909	5079.027	5084.853	46518	0	240
2026.03.12	20:00:00	5084.777	5101.248	5054.730	5098.220	22060	0	240
2026.03.13	00:00:00	5098.146	5128.349	5097.158	5115.283	27713	0	240
2026.03.13	04:00:00	5115.656	5117.927	5071.708	5084.869	31100	0	240
2026.03.13	08:00:00	5085.174	5107.786	5061.230	5107.345	33853	0	240
2026.03.13	12:00:00	5107.254	5121.939	5031.552	5034.871	76786	0	240
2026.03.13	16:00:00	5034.775	5063.983	5009.504	5016.515	56232	0	240
2026.03.13	20:00:00	5016.598	5025.470	5012.084	5021.082	8090	0	240
2026.03.15	20:00:00	5016.992	5030.545	4966.709	4997.513	24350	0	160
2026.03.16	00:00:00	4997.440	5031.161	4982.495	5019.076	57533	0	160
2026.03.16	04:00:00	5019.148	5036.070	4991.653	4995.203	33890	0	240
2026.03.16	08:00:00	4995.292	5022.751	4969.990	4997.086	42950	0	160
2026.03.16	12:00:00	4997.162	5038.124	4983.913	4986.892	58433	0	160
2026.03.16	16:00:00	4986.942	5020.178	4973.891	5012.697	37600	0	160
2026.03.16	20:00:00	5012.625	5021.669	4998.620	5012.755	13770	0	200
2026.03.17	00:00:00	5012.920	5033.554	4994.421	5027.671	29771	0	200
2026.03.17	04:00:00	5027.372	5044.531	5005.089	5021.088	31127	0	280
2026.03.17	08:00:00	5021.046	5029.557	4991.577	5003.122	30270	0	200
2026.03.17	12:00:00	5003.134	5031.549	4973.324	4997.795	52607	0	200
2026.03.17	16:00:00	4998.066	5009.125	4991.503	5000.185	29059	0	200
2026.03.17	20:00:00	5000.402	5006.507	4993.182	5002.757	19894	0	200
2026.03.18	00:00:00	5002.810	5016.069	4986.261	4991.405	28094	0	200
2026.03.18	04:00:00	4991.387	5016.368	4981.601	4995.066	24663	0	200
2026.03.18	08:00:00	4994.692	4996.690	4924.833	4930.048	42221	0	200
2026.03.18	12:00:00	4930.424	4932.416	4833.982	4862.550	110539	0	200
2026.03.18	16:00:00	4862.624	4899.339	4837.979	4843.003	64834	0	200
2026.03.18	20:00:00	4842.930	4848.334	4804.143	4836.818	30841	0	200
2026.03.19	00:00:00	4836.662	4866.913	4832.663	4850.971	42039	0	200
2026.03.19	04:00:00	4850.946	4853.779	4727.011	4727.770	61962	0	200
2026.03.19	08:00:00	4728.053	4740.330	4650.592	4652.246	118742	0	200
2026.03.19	12:00:00	4651.888	4653.957	4502.516	4596.542	251861	0	280
2026.03.19	16:00:00	4596.617	4663.410	4573.690	4644.043	129385	0	280
2026.03.19	20:00:00	4643.671	4677.039	4634.238	4643.724	23701	0	280
2026.03.20	00:00:00	4643.652	4735.823	4639.272	4725.577	65187	0	280
2026.03.20	04:00:00	4725.676	4727.626	4661.238	4706.154	51687	0	280
2026.03.20	08:00:00	4706.235	4734.767	4636.897	4671.654	64314	0	280
2026.03.20	12:00:00	4671.837	4695.641	4540.423	4553.146	292046	0	260
2026.03.20	16:00:00	4553.331	4613.743	4477.064	4501.446	261478	0	260
2026.03.20	20:00:00	4501.674	4514.590	4493.380	4497.486	25599	0	260
2026.03.22	20:00:00	4477.889	4536.177	4449.391	4464.714	50965	0	280
2026.03.23	00:00:00	4464.544	4473.236	4319.458	4353.009	371753	0	260
2026.03.23	04:00:00	4352.965	4381.611	4098.363	4204.160	399403	0	260
2026.03.23	08:00:00	4204.208	4463.475	4202.896	4379.171	457795	0	260
2026.03.23	12:00:00	4378.796	4512.901	4336.634	4363.507	587152	0	350
2026.03.23	16:00:00	4363.454	4467.134	4352.384	4397.713	314140	0	364
2026.03.23	20:00:00	4397.652	4447.959	4361.223	4441.255	53068	0	364
2026.03.24	00:00:00	4441.187	4446.647	4305.545	4347.283	262479	0	364
2026.03.24	04:00:00	4346.874	4432.507	4319.415	4416.973	193615	0	336
2026.03.24	08:00:00	4416.926	4442.191	4375.307	4407.594	161270	0	364
2026.03.24	12:00:00	4407.691	4433.981	4351.305	4411.674	322027	0	364
2026.03.24	16:00:00	4411.755	4427.681	4372.123	4400.072	181559	0	364
2026.03.24	20:00:00	4400.500	4551.475	4397.173	4546.816	86914	0	364
2026.03.25	00:00:00	4546.886	4602.565	4537.293	4570.211	119304	0	364
2026.03.25	04:00:00	4570.216	4574.746	4533.134	4539.387	74338	0	280
2026.03.25	08:00:00	4539.497	4585.722	4527.478	4578.730	105362	0	280
2026.03.25	12:00:00	4578.648	4583.829	4522.074	4559.134	230389	0	280
2026.03.25	16:00:00	4559.077	4569.052	4486.800	4530.665	149893	0	280
2026.03.25	20:00:00	4530.598	4542.126	4488.835	4498.110	52234	0	280
2026.03.26	00:00:00	4498.428	4544.588	4498.072	4516.453	106116	0	280
2026.03.26	04:00:00	4516.507	4524.126	4415.737	4452.774	139809	0	280
2026.03.26	08:00:00	4452.451	4459.270	4412.306	4423.196	157316	0	280
2026.03.26	12:00:00	4423.241	4479.559	4416.203	4438.125	255939	0	280
2026.03.26	16:00:00	4438.078	4442.871	4359.015	4364.060	199929	0	280
2026.03.26	20:00:00	4363.994	4420.758	4350.951	4404.918	97401	0	280
2026.03.27	00:00:00	4404.965	4446.189	4375.194	4437.399	97566	0	280
2026.03.27	04:00:00	4437.486	4475.345	4431.385	4447.606	80205	0	280
2026.03.27	08:00:00	4447.536	4450.895	4404.216	4419.825	83506	0	280
2026.03.27	12:00:00	4419.878	4555.484	4412.631	4524.016	154173	0	280
2026.03.27	16:00:00	4524.079	4533.870	4486.229	4514.506	95096	0	280
2026.03.27	20:00:00	4514.564	4520.327	4490.756	4495.434	11821	0	280
2026.03.29	20:00:00	4511.584	4513.780	4443.756	4448.587	34790	0	280
2026.03.30	00:00:00	4448.673	4517.647	4418.380	4496.170	114554	0	280
2026.03.30	04:00:00	4495.893	4550.609	4486.128	4527.145	64878	0	280
2026.03.30	08:00:00	4527.091	4580.742	4523.734	4559.390	63857	0	280
2026.03.30	12:00:00	4559.451	4578.572	4512.126	4548.422	125606	0	280
2026.03.30	16:00:00	4548.366	4549.720	4492.927	4513.642	77404	0	280
2026.03.30	20:00:00	4513.569	4523.813	4492.365	4513.578	23874	0	280
2026.03.31	00:00:00	4513.509	4619.543	4482.569	4556.948	114866	0	280
2026.03.31	04:00:00	4556.953	4581.834	4543.183	4564.328	56926	0	280
2026.03.31	08:00:00	4564.564	4593.103	4529.242	4582.123	69189	0	280
2026.03.31	12:00:00	4582.304	4630.245	4567.825	4609.607	112164	0	280
2026.03.31	16:00:00	4609.549	4685.691	4606.857	4682.797	118394	0	280
2026.03.31	20:00:00	4682.735	4700.082	4661.759	4696.441	31620	0	280
2026.04.01	00:00:00	4696.383	4724.264	4678.199	4681.929	69514	0	280
2026.04.01	04:00:00	4682.136	4747.592	4667.179	4712.845	56687	0	280
2026.04.01	08:00:00	4713.071	4762.958	4710.422	4752.138	54121	0	280
2026.04.01	12:00:00	4752.071	4788.354	4715.902	4786.609	122310	0	280
2026.04.01	16:00:00	4786.772	4792.942	4741.916	4766.200	69091	0	280
2026.04.01	20:00:00	4765.770	4800.345	4753.935	4784.170	20423	0	280
2026.04.02	00:00:00	4784.241	4798.750	4650.201	4676.320	160583	0	280
2026.04.02	04:00:00	4676.091	4681.521	4553.765	4642.815	119080	0	280
2026.04.02	08:00:00	4642.808	4648.915	4592.669	4599.848	69698	0	280
2026.04.02	12:00:00	4599.897	4699.823	4580.302	4660.862	207303	0	280
2026.04.02	16:00:00	4660.924	4681.802	4642.698	4672.105	78327	0	280
2026.04.02	20:00:00	4672.166	4677.009	4664.359	4675.333	7697	0	280
2026.04.05	20:00:00	4662.923	4662.923	4605.069	4610.674	32239	0	280
2026.04.06	00:00:00	4610.706	4671.818	4600.515	4640.424	66304	0	280
2026.04.06	04:00:00	4640.401	4688.674	4639.886	4684.876	44761	0	280
2026.04.06	08:00:00	4684.807	4706.725	4676.961	4677.896	48102	0	280
2026.04.06	12:00:00	4677.956	4697.730	4651.953	4668.211	96282	0	280
2026.04.06	16:00:00	4668.280	4672.593	4645.406	4655.213	49824	0	280
2026.04.06	20:00:00	4655.274	4667.879	4649.038	4658.917	14095	0	280
2026.04.07	00:00:00	4658.976	4664.285	4616.245	4649.560	78870	0	280
2026.04.07	04:00:00	4649.496	4664.272	4622.773	4645.863	54505	0	280
2026.04.07	08:00:00	4646.180	4694.641	4628.606	4659.817	88097	0	280
2026.04.07	12:00:00	4659.883	4670.834	4607.261	4655.676	119306	0	280
2026.04.07	16:00:00	4655.388	4718.759	4652.441	4700.628	122437	0	280
2026.04.07	20:00:00	4700.691	4836.407	4697.157	4833.182	73836	0	280
2026.04.08	00:00:00	4833.604	4857.230	4787.975	4797.653	93331	0	280
2026.04.08	04:00:00	4797.672	4843.868	4789.984	4813.470	54992	0	280
2026.04.08	08:00:00	4813.538	4819.941	4770.899	4798.397	54003	0	280
2026.04.08	12:00:00	4798.481	4807.169	4732.144	4756.456	119722	0	280
2026.04.08	16:00:00	4756.630	4765.675	4699.471	4730.446	79267	0	280
2026.04.08	20:00:00	4730.521	4732.631	4704.545	4715.527	21907	0	280
2026.04.09	00:00:00	4715.597	4732.976	4698.435	4711.464	57972	0	280
2026.04.09	04:00:00	4711.575	4731.296	4703.355	4724.185	50047	0	280
2026.04.09	08:00:00	4724.244	4757.551	4719.845	4756.369	38388	0	280
2026.04.09	12:00:00	4756.433	4798.039	4734.861	4792.972	83078	0	280
2026.04.09	16:00:00	4792.866	4801.259	4766.826	4768.886	66722	0	280
2026.04.09	20:00:00	4768.944	4779.455	4757.026	4763.598	16992	0	280
2026.04.10	00:00:00	4763.661	4777.177	4737.837	4766.328	46910	0	280
2026.04.10	04:00:00	4766.389	4770.881	4741.217	4749.804	34112	0	280
2026.04.10	08:00:00	4749.863	4768.970	4730.580	4768.063	37786	0	280
2026.04.10	12:00:00	4768.280	4795.181	4754.903	4761.964	80121	0	160
2026.04.10	16:00:00	4762.279	4773.294	4747.358	4759.713	44301	0	280
2026.04.10	20:00:00	4759.661	4760.076	4740.834	4749.455	7180	0	280
2026.04.12	20:00:00	4670.232	4685.131	4643.986	4671.251	23951	0	280
2026.04.13	00:00:00	4671.349	4728.131	4664.588	4718.065	59744	0	280
2026.04.13	04:00:00	4718.269	4740.070	4708.334	4733.802	40544	0	280
2026.04.13	08:00:00	4733.816	4738.652	4703.353	4706.842	41993	0	280
2026.04.13	12:00:00	4706.698	4744.785	4700.186	4714.413	87079	0	280
2026.04.13	16:00:00	4714.288	4749.934	4709.405	4741.283	55975	0	280
2026.04.13	20:00:00	4741.096	4765.979	4738.174	4757.323	14942	0	280
2026.04.14	00:00:00	4757.699	4777.353	4751.449	4768.253	41460	0	280
2026.04.14	04:00:00	4768.317	4796.374	4757.965	4777.057	38876	0	280
2026.04.14	08:00:00	4776.984	4789.893	4751.685	4775.049	39161	0	280
2026.04.14	12:00:00	4775.106	4818.066	4762.112	4807.939	71100	0	280
2026.04.14	16:00:00	4808.256	4846.254	4804.890	4844.587	38945	0	280
2026.04.14	20:00:00	4844.657	4850.676	4833.279	4836.889	15759	0	280
2026.04.15	00:00:00	4836.946	4871.422	4816.719	4824.099	52046	0	280
2026.04.15	04:00:00	4824.125	4830.507	4803.836	4810.975	40439	0	280
2026.04.15	08:00:00	4810.912	4820.946	4786.049	4812.722	47891	0	280
2026.04.15	12:00:00	4812.655	4830.688	4786.692	4801.800	61570	0	280
2026.04.15	16:00:00	4801.630	4812.802	4789.933	4795.951	39044	0	280
2026.04.15	20:00:00	4796.010	4826.607	4787.612	4823.572	13711	0	280
2026.04.16	00:00:00	4823.205	4837.601	4811.096	4824.174	34604	0	280
2026.04.16	04:00:00	4824.174	4838.438	4814.098	4821.228	35815	0	280
2026.04.16	08:00:00	4821.220	4822.537	4804.978	4822.252	33151	0	280
2026.04.16	12:00:00	4822.149	4824.000	4772.851	4806.743	80399	0	280
2026.04.16	16:00:00	4806.678	4810.262	4781.359	4793.737	43389	0	280
2026.04.16	20:00:00	4793.669	4797.849	4786.201	4791.651	12670	0	280
2026.04.17	00:00:00	4791.559	4801.312	4767.519	4793.418	37760	0	280
2026.04.17	04:00:00	4793.393	4806.378	4778.621	4784.474	31240	0	280
2026.04.17	08:00:00	4784.460	4811.769	4780.853	4799.214	29652	0	280
2026.04.17	12:00:00	4799.279	4889.866	4797.535	4867.541	117521	0	280
2026.04.17	16:00:00	4867.472	4873.515	4852.678	4854.611	42651	0	280
2026.04.17	20:00:00	4854.670	4855.221	4830.727	4833.011	10037	0	280
2026.04.19	20:00:00	4774.618	4795.369	4736.736	4755.324	24429	0	360
2026.04.20	00:00:00	4755.237	4814.437	4744.932	4791.005	54897	0	280
2026.04.20	04:00:00	4791.068	4805.565	4779.467	4789.568	43513	0	280
2026.04.20	08:00:00	4789.740	4810.918	4783.279	4810.295	33252	0	280
2026.04.20	12:00:00	4810.237	4827.671	4792.309	4799.503	79681	0	280
2026.04.20	16:00:00	4799.916	4821.439	4792.696	4814.035	31118	0	280
2026.04.20	20:00:00	4814.096	4833.152	4812.109	4821.556	15177	0	280
2026.04.21	00:00:00	4821.618	4830.530	4792.433	4797.283	36240	0	280
2026.04.21	04:00:00	4797.047	4797.869	4772.647	4786.103	37219	0	280
2026.04.21	08:00:00	4786.170	4798.050	4774.515	4794.718	32704	0	280
2026.04.21	12:00:00	4794.560	4796.986	4723.305	4741.401	107631	0	280
2026.04.21	16:00:00	4741.459	4746.723	4668.140	4679.122	97759	0	280
2026.04.21	20:00:00	4679.216	4740.423	4668.722	4737.824	34238	0	280
2026.04.22	00:00:00	4738.112	4765.088	4735.857	4758.263	35520	0	280
2026.04.22	04:00:00	4758.310	4772.377	4752.039	4760.654	30838	0	280
2026.04.22	08:00:00	4760.661	4762.497	4745.709	4750.568	30436	0	280
2026.04.22	12:00:00	4750.342	4760.870	4724.910	4727.751	65992	0	280
2026.04.22	16:00:00	4727.836	4749.719	4723.734	4739.997	34242	0	280
2026.04.22	20:00:00	4740.227	4745.712	4723.360	4727.960	13348	0	280
2026.04.23	00:00:00	4728.026	4753.821	4693.986	4703.918	78512	0	280
2026.04.23	04:00:00	4703.721	4721.374	4692.117	4718.937	40920	0	280
2026.04.23	08:00:00	4719.007	4725.019	4684.149	4720.423	41336	0	280
2026.04.23	12:00:00	4720.486	4743.215	4716.296	4720.260	74830	0	280
2026.04.23	16:00:00	4720.474	4736.972	4664.010	4696.081	102843	0	280
2026.04.23	20:00:00	4695.804	4700.620	4686.383	4695.231	17288	0	280
2026.04.24	00:00:00	4695.277	4711.180	4668.587	4672.223	52030	0	280
2026.04.24	04:00:00	4672.116	4695.253	4657.581	4694.271	36083	0	280
2026.04.24	08:00:00	4694.344	4717.411	4674.638	4706.679	48660	0	280
2026.04.24	12:00:00	4706.756	4740.348	4689.474	4726.933	78772	0	280
2026.04.24	16:00:00	4727.004	4730.068	4713.497	4716.670	36592	0	280
2026.04.24	20:00:00	4716.607	4717.467	4705.234	4708.466	5610	0	280
2026.04.26	20:00:00	4696.125	4699.884	4674.849	4680.075	11986	0	280
2026.04.27	00:00:00	4680.139	4729.391	4672.027	4723.973	45833	0	280
2026.04.27	04:00:00	4723.916	4730.145	4708.647	4713.427	30672	0	280
2026.04.27	08:00:00	4713.195	4714.652	4699.061	4704.642	26533	0	280
2026.04.27	12:00:00	4704.756	4712.573	4666.949	4670.152	62749	0	280
2026.04.27	16:00:00	4670.124	4686.253	4667.123	4680.485	30561	0	280
2026.04.27	20:00:00	4680.546	4695.106	4677.299	4692.056	10930	0	280
2026.04.28	00:00:00	4692.118	4701.445	4666.316	4670.964	34762	0	280
2026.04.28	04:00:00	4670.907	4671.336	4620.574	4633.007	50549	0	280
2026.04.28	08:00:00	4633.245	4635.326	4555.299	4562.466	56905	0	280
2026.04.28	12:00:00	4562.702	4600.152	4554.647	4586.215	107138	0	280
2026.04.28	16:00:00	4586.431	4601.565	4577.980	4595.752	40497	0	280
2026.04.28	20:00:00	4595.696	4599.638	4587.856	4595.783	11338	0	280
2026.04.29	00:00:00	4595.847	4610.195	4575.793	4595.214	47883	0	280
2026.04.29	04:00:00	4595.274	4607.760	4567.131	4567.971	37136	0	280
2026.04.29	08:00:00	4568.064	4580.967	4551.411	4561.761	43801	0	280
2026.04.29	12:00:00	4561.405	4568.942	4510.087	4547.873	82875	0	280
2026.04.29	16:00:00	4547.815	4564.994	4517.921	4547.053	79708	0	280
2026.04.29	20:00:00	4546.998	4562.107	4539.166	4561.724	23134	0	280
2026.04.30	00:00:00	4561.628	4582.572	4555.507	4556.038	49211	0	280
2026.04.30	04:00:00	4555.896	4605.514	4540.773	4598.219	44050	0	280
2026.04.30	08:00:00	4598.278	4647.042	4597.207	4629.945	65581	0	280
2026.04.30	12:00:00	4630.005	4646.143	4609.092	4615.277	94315	0	280
2026.04.30	16:00:00	4615.443	4627.510	4605.138	4617.032	40219	0	280
2026.04.30	20:00:00	4617.091	4634.027	4615.472	4626.348	14261	0	280
2026.05.01	00:00:00	4626.433	4636.098	4613.734	4626.779	31736	0	280
2026.05.01	04:00:00	4626.846	4628.892	4575.944	4578.304	33372	0	280
2026.05.01	08:00:00	4578.359	4582.668	4559.766	4578.796	30820	0	280
2026.05.01	12:00:00	4578.718	4660.285	4574.714	4643.336	83269	0	280
2026.05.01	16:00:00	4642.971	4650.160	4608.820	4610.653	42781	0	280
2026.05.01	20:00:00	4610.540	4617.123	4606.892	4613.309	5962	0	280
2026.05.03	20:00:00	4626.129	4629.420	4611.113	4613.712	11859	0	280
2026.05.04	00:00:00	4613.951	4618.624	4591.029	4614.890	44823	0	280
2026.05.04	04:00:00	4614.949	4615.514	4577.850	4579.077	42935	0	280
2026.05.04	08:00:00	4579.095	4584.522	4525.694	4560.242	68544	0	280
2026.05.04	12:00:00	4560.319	4583.376	4512.042	4521.435	124068	0	280
2026.05.04	16:00:00	4521.374	4531.719	4500.581	4517.812	69278	0	280
2026.05.04	20:00:00	4517.683	4524.251	4511.578	4518.762	11505	0	280
2026.05.05	00:00:00	4519.109	4546.847	4513.429	4534.635	31486	0	280
2026.05.05	04:00:00	4534.598	4558.421	4527.964	4545.594	34491	0	280
2026.05.05	08:00:00	4545.543	4564.951	4539.679	4562.781	34333	0	280
2026.05.05	12:00:00	4562.515	4586.674	4554.254	4568.654	54823	0	280
2026.05.05	16:00:00	4568.599	4569.101	4551.605	4554.765	27959	0	280
2026.05.05	20:00:00	4554.727	4595.817	4546.187	4593.808	19618	0	280
2026.05.06	00:00:00	4593.736	4652.172	4588.304	4643.913	46339	0	280
2026.05.06	04:00:00	4643.840	4681.818	4643.387	4681.676	37302	0	280
2026.05.06	08:00:00	4681.336	4723.074	4671.478	4692.024	61986	0	280
2026.05.06	12:00:00	4692.146	4717.441	4660.036	4687.938	78125	0	280
2026.05.06	16:00:00	4687.872	4700.132	4678.728	4692.322	33609	0	280
2026.05.06	20:00:00	4692.256	4699.765	4685.013	4698.852	13904	0	280
2026.05.07	00:00:00	4699.014	4721.390	4685.116	4699.260	44865	0	280
2026.05.07	04:00:00	4699.198	4750.729	4692.163	4743.217	44885	0	280
2026.05.07	08:00:00	4743.294	4753.464	4721.544	4742.543	39966	0	280
2026.05.07	12:00:00	4742.788	4764.839	4726.066	4728.963	69533	0	280
2026.05.07	16:00:00	4729.023	4729.858	4687.331	4703.112	82707	0	280
2026.05.07	20:00:00	4703.174	4719.302	4681.725	4704.071	25472	0	280
2026.05.08	00:00:00	4704.003	4732.835	4693.871	4719.718	48739	0	280
2026.05.08	04:00:00	4719.776	4734.661	4697.069	4708.054	46144	0	280
2026.05.08	08:00:00	4708.056	4728.046	4706.596	4717.783	35957	0	280
2026.05.08	12:00:00	4717.734	4749.632	4701.760	4707.165	79896	0	280
2026.05.08	16:00:00	4707.051	4729.061	4705.538	4723.796	29809	0	280
2026.05.08	20:00:00	4723.865	4724.418	4714.336	4715.438	4524	0	280
2026.05.10	20:00:00	4691.978	4698.563	4678.844	4691.700	13210	0	280
2026.05.11	00:00:00	4691.639	4705.455	4669.916	4678.832	64706	0	280
2026.05.11	04:00:00	4678.538	4680.870	4648.113	4667.698	44542	0	280
2026.05.11	08:00:00	4667.786	4678.620	4650.292	4674.334	35134	0	280
2026.05.11	12:00:00	4674.641	4748.628	4667.363	4731.836	74431	0	280
2026.05.11	16:00:00	4732.278	4736.416	4707.710	4733.362	31757	0	280
2026.05.11	20:00:00	4733.289	4770.079	4729.680	4767.605	15970	0	280
2026.05.12	00:00:00	4767.229	4773.670	4717.934	4720.311	58828	0	280
2026.05.12	04:00:00	4720.289	4730.338	4686.501	4699.941	46433	0	280
2026.05.12	08:00:00	4699.878	4709.385	4685.122	4706.748	38180	0	280
2026.05.12	12:00:00	4706.816	4711.693	4638.000	4666.186	84893	0	280
2026.05.12	16:00:00	4665.950	4715.890	4664.019	4715.644	36494	0	280
2026.05.12	20:00:00	4715.737	4723.787	4711.543	4716.708	16094	0	280
2026.05.13	00:00:00	4716.951	4727.063	4687.654	4695.913	44398	0	280
2026.05.13	04:00:00	4695.765	4715.210	4693.452	4702.959	35271	0	280
2026.05.13	08:00:00	4702.899	4710.533	4685.868	4697.220	33573	0	280
2026.05.13	12:00:00	4697.267	4701.484	4669.375	4695.314	61027	0	280
2026.05.13	16:00:00	4695.398	4710.009	4677.414	4688.076	32164	0	280
2026.05.13	20:00:00	4688.179	4702.295	4685.827	4696.703	11446	0	280
2026.05.14	00:00:00	4696.362	4706.999	4673.861	4674.818	53338	0	280
2026.05.14	04:00:00	4674.904	4718.899	4667.920	4693.231	46169	0	280
2026.05.14	08:00:00	4693.294	4706.496	4688.379	4694.403	37771	0	280
2026.05.14	12:00:00	4694.081	4709.999	4666.487	4685.998	67297	0	280
2026.05.14	16:00:00	4685.643	4686.987	4653.009	4654.345	32681	0	280
2026.05.14	20:00:00	4654.126	4665.346	4644.205	4652.342	17210	0	280
2026.05.15	00:00:00	4652.418	4658.214	4607.047	4615.302	80075	0	280
2026.05.15	04:00:00	4615.351	4621.759	4556.183	4570.632	76138	0	280
2026.05.15	08:00:00	4570.622	4572.570	4531.736	4552.103	71037	0	280
2026.05.15	12:00:00	4552.072	4566.453	4511.187	4539.793	101824	0	280
2026.05.15	16:00:00	4539.848	4564.449	4529.330	4545.956	39322	0	280
2026.05.15	20:00:00	4545.892	4546.461	4532.966	4539.780	7448	0	280
2026.05.17	20:00:00	4538.378	4554.829	4531.807	4537.205	19342	0	280
2026.05.18	00:00:00	4536.979	4547.989	4480.279	4541.049	114845	0	280
2026.05.18	04:00:00	4541.280	4560.059	4529.671	4546.084	66818	0	280
2026.05.18	08:00:00	4546.029	4567.048	4529.725	4550.705	54136	0	280
2026.05.18	12:00:00	4550.771	4584.359	4531.523	4543.467	100063	0	280
2026.05.18	16:00:00	4543.752	4565.024	4533.978	4558.443	54130	0	280
2026.05.18	20:00:00	4558.500	4588.991	4557.672	4581.876	15109	0	280
2026.05.19	00:00:00	4581.940	4589.387	4543.495	4545.050	59971	0	280
2026.05.19	04:00:00	4544.978	4559.275	4530.671	4556.962	51761	0	280
2026.05.19	08:00:00	4557.035	4559.165	4525.457	4530.799	47583	0	280
2026.05.19	12:00:00	4530.854	4547.051	4464.470	4508.243	118461	0	280
2026.05.19	16:00:00	4508.600	4512.505	4481.085	4483.512	36157	0	280
2026.05.19	20:00:00	4483.398	4496.187	4477.354	4489.466	16269	0	280
2026.05.20	00:00:00	4489.410	4509.035	4453.413	4463.556	89895	0	280
2026.05.20	04:00:00	4463.501	4485.964	4456.495	4478.487	56897	0	280
2026.05.20	08:00:00	4478.443	4501.200	4472.527	4498.932	42781	0	280
2026.05.20	12:00:00	4498.910	4553.080	4466.963	4529.191	111750	0	280
2026.05.20	16:00:00	4529.251	4550.429	4523.929	4545.865	36909	0	280
2026.05.20	20:00:00	4545.810	4550.410	4534.749	4546.335	17494	0	280
2026.05.21	00:00:00	4546.386	4570.961	4527.066	4528.079	55637	0	280
2026.05.21	04:00:00	4528.317	4540.687	4511.602	4519.756	45115	0	280
2026.05.21	08:00:00	4519.875	4543.030	4504.730	4513.932	62771	0	280
2026.05.21	12:00:00	4514.012	4521.122	4488.395	4511.694	92451	0	280
2026.05.21	16:00:00	4512.045	4559.333	4511.807	4542.919	72915	0	280
2026.05.21	20:00:00	4543.005	4546.004	4532.425	4535.313	12779	0	280
2026.05.22	00:00:00	4535.552	4540.970	4518.558	4529.318	44276	0	280
2026.05.22	04:00:00	4529.375	4534.312	4507.212	4521.774	39832	0	280
2026.05.22	08:00:00	4521.848	4536.865	4510.073	4520.733	39451	0	280
2026.05.22	12:00:00	4520.654	4535.894	4491.552	4520.170	75036	0	280
2026.05.22	16:00:00	4519.820	4527.949	4504.171	4508.362	37244	0	280
2026.05.22	20:00:00	4508.168	4510.296	4504.350	4507.776	5243	0	280
2026.05.24	20:00:00	4545.401	4580.002	4543.344	4567.197	15804	0	280
2026.05.25	00:00:00	4567.140	4579.788	4556.487	4559.879	45303	0	280
2026.05.25	04:00:00	4559.806	4566.184	4550.334	4564.594	31859	0	280
2026.05.25	08:00:00	4564.594	4576.975	4553.193	4569.541	23839	0	280
2026.05.25	12:00:00	4569.484	4574.727	4552.742	4570.971	32751	0	280
2026.05.25	16:00:00	4571.015	4578.145	4563.218	4570.586	12098	0	280
2026.05.25	20:00:00	4571.428	4580.318	4555.005	4559.708	11231	0	280
2026.05.26	00:00:00	4559.705	4560.256	4527.738	4542.451	44530	0	280
2026.05.26	04:00:00	4542.112	4543.122	4521.535	4538.037	36742	0	280
2026.05.26	08:00:00	4538.122	4540.654	4503.467	4507.170	46780	0	280
2026.05.26	12:00:00	4507.148	4531.308	4500.543	4506.601	64506	0	280
2026.05.26	16:00:00	4506.673	4511.414	4482.193	4508.776	31485	0	280
2026.05.26	20:00:00	4509.013	4527.887	4497.984	4519.748	19102	0	280
2026.05.27	00:00:00	4519.688	4525.746	4496.726	4497.191	36447	0	280
2026.05.27	04:00:00	4496.920	4517.123	4475.667	4482.099	46016	0	280
2026.05.27	08:00:00	4481.833	4498.618	4424.714	4428.501	52662	0	280
2026.05.27	12:00:00	4428.325	4466.526	4401.200	4436.313	107017	0	280
2026.05.27	16:00:00	4436.368	4458.433	4434.005	4451.040	27427	0	280
2026.05.27	20:00:00	4451.097	4465.135	4443.653	4447.155	13728	0	280
2026.05.28	00:00:00	4446.919	4458.918	4368.291	4374.683	64672	0	280
2026.05.28	04:00:00	4374.619	4396.474	4366.246	4387.581	51012	0	280
2026.05.28	08:00:00	4387.594	4404.217	4374.929	4387.602	41487	0	280
2026.05.28	12:00:00	4387.694	4484.964	4379.423	4482.076	103341	0	280
2026.05.28	16:00:00	4482.443	4516.547	4477.579	4498.042	37292	0	280
2026.05.28	20:00:00	4497.973	4500.719	4488.970	4494.988	13339	0	280
2026.05.29	00:00:00	4495.156	4520.813	4492.034	4501.133	43563	0	280
2026.05.29	04:00:00	4501.361	4526.196	4500.877	4524.501	37756	0	280
2026.05.29	08:00:00	4524.715	4543.432	4509.903	4538.213	37574	0	280
2026.05.29	12:00:00	4538.278	4595.203	4512.523	4571.217	92834	0	280
2026.05.29	16:00:00	4571.282	4573.474	4542.835	4545.663	36304	0	280
2026.05.29	20:00:00	4545.607	4549.016	4539.409	4540.377	5277	0	280
2026.05.31	20:00:00	4521.226	4545.754	4518.372	4539.362	13335	0	280
2026.06.01	00:00:00	4539.423	4546.173	4509.757	4516.152	42727	0	280
2026.06.01	04:00:00	4516.109	4525.206	4492.421	4503.038	37040	0	280
2026.06.01	08:00:00	4502.849	4512.963	4489.139	4505.690	35065	0	280
2026.06.01	12:00:00	4505.634	4510.538	4447.515	4474.026	89470	0	280
2026.06.01	16:00:00	4474.141	4495.463	4462.823	4481.242	32387	0	280
2026.06.01	20:00:00	4481.297	4488.352	4479.289	4484.289	11671	0	280
2026.06.02	00:00:00	4484.487	4499.462	4462.676	4499.138	53423	0	280
2026.06.02	04:00:00	4499.115	4541.609	4497.571	4535.199	38304	0	280
2026.06.02	08:00:00	4534.849	4539.301	4521.335	4527.617	28668	0	280
2026.06.02	12:00:00	4527.674	4533.885	4490.068	4502.172	52355	0	280
2026.06.02	16:00:00	4502.187	4502.960	4478.519	4487.900	27719	0	280
2026.06.02	20:00:00	4487.841	4493.117	4462.278	4474.199	19714	0	280
2026.06.03	00:00:00	4474.127	4496.745	4463.171	4484.191	42018	0	280
2026.06.03	04:00:00	4484.541	4488.243	4452.738	4453.345	40747	0	280
2026.06.03	08:00:00	4453.406	4468.031	4438.880	4462.564	45125	0	280
2026.06.03	12:00:00	4462.619	4467.297	4426.144	4441.995	72520	0	280
2026.06.03	16:00:00	4441.936	4452.189	4433.590	4443.998	30165	0	280
2026.06.03	20:00:00	4443.938	4464.836	4423.591	4457.390	21940	0	280
2026.06.04	00:00:00	4457.449	4477.330	4442.914	4463.965	54082	0	280
2026.06.04	04:00:00	4463.907	4484.061	4459.256	4461.763	38175	0	280
2026.06.04	08:00:00	4461.698	4514.667	4458.588	4511.318	46202	0	280
2026.06.04	12:00:00	4511.533	4515.517	4457.157	4477.560	74015	0	280
2026.06.04	16:00:00	4477.263	4485.225	4472.821	4480.924	26228	0	280
2026.06.04	20:00:00	4480.853	4481.630	4460.339	4461.516	15219	0	280
2026.06.05	00:00:00	4461.474	4470.070	4435.034	4442.175	58224	0	280
2026.06.05	04:00:00	4442.530	4467.201	4428.540	4460.937	42701	0	280
2026.06.05	08:00:00	4460.876	4475.313	4458.170	4470.284	33116	0	280
2026.06.05	12:00:00	4470.088	4475.911	4333.907	4335.571	130648	0	260
2026.06.05	16:00:00	4335.513	4347.257	4313.728	4318.481	70268	0	260
2026.06.05	20:00:00	4318.423	4331.011	4311.591	4328.774	11613	0	280
2026.06.07	20:00:00	4325.114	4347.047	4310.191	4343.828	24455	0	260
2026.06.08	00:00:00	4343.881	4353.304	4299.839	4316.910	86751	0	260
2026.06.08	04:00:00	4316.789	4321.851	4268.309	4294.354	72730	0	260
2026.06.08	08:00:00	4294.479	4333.406	4272.923	4331.383	68250	0	260
2026.06.08	12:00:00	4331.242	4346.776	4314.310	4341.649	92002	0	260
2026.06.08	16:00:00	4341.569	4346.261	4323.378	4326.500	37523	0	260
2026.06.08	20:00:00	4326.445	4332.460	4312.834	4317.619	14358	0	260
2026.06.09	00:00:00	4317.567	4342.446	4314.973	4336.458	50416	0	260
2026.06.09	04:00:00	4336.409	4351.513	4322.214	4326.712	44766	0	260
2026.06.09	08:00:00	4326.769	4343.902	4321.060	4339.742	35749	0	260
2026.06.09	12:00:00	4339.955	4363.463	4262.949	4272.228	114503	0	260
2026.06.09	16:00:00	4272.236	4281.097	4236.398	4258.411	110209	0	260
2026.06.09	20:00:00	4258.485	4262.177	4210.296	4222.118	25776	0	260
2026.06.10	00:00:00	4222.169	4228.412	4172.542	4184.697	93293	0	260
2026.06.10	04:00:00	4184.643	4222.052	4172.132	4186.016	60646	0	260
2026.06.10	08:00:00	4185.955	4187.412	4145.650	4147.722	84400	0	260
2026.06.10	12:00:00	4147.659	4186.372	4106.728	4128.597	172159	0	260
2026.06.10	16:00:00	4128.650	4135.245	4081.437	4082.793	78551	0	260
2026.06.10	20:00:00	4082.848	4083.124	4023.773	4047.261	46828	0	260
2026.06.11	00:00:00	4047.319	4118.287	4036.098	4072.692	140667	0	260
2026.06.11	04:00:00	4072.850	4110.681	4070.093	4104.774	74035	0	260
2026.06.11	08:00:00	4104.722	4112.711	4077.334	4080.436	56379	0	260
2026.06.11	12:00:00	4080.418	4095.412	4052.837	4088.661	159850	0	260
2026.06.11	16:00:00	4088.735	4219.968	4071.801	4208.967	155371	0	260
2026.06.11	20:00:00	4209.061	4246.422	4205.253	4219.785	32425	0	260
2026.06.12	00:00:00	4219.997	4230.603	4171.347	4197.277	82358	0	260
2026.06.12	04:00:00	4197.226	4201.097	4170.007	4194.047	57888	0	260
2026.06.12	08:00:00	4194.121	4227.914	4191.789	4207.017	66610	0	260
2026.06.12	12:00:00	4206.966	4235.558	4176.959	4211.904	120261	0	260
2026.06.12	16:00:00	4211.963	4235.286	4201.725	4210.559	54739	0	260
2026.06.12	20:00:00	4210.502	4219.296	4209.251	4218.665	4600	0	260
2026.06.14	20:00:00	4270.346	4308.995	4269.222	4293.940	19990	0	280
2026.06.15	00:00:00	4293.886	4335.532	4285.422	4325.067	57076	0	260
2026.06.15	04:00:00	4325.119	4333.080	4300.619	4322.971	40208	0	260
2026.06.15	08:00:00	4322.908	4347.567	4321.640	4335.355	37536	0	260
2026.06.15	12:00:00	4335.412	4369.303	4324.437	4356.337	60901	0	260
2026.06.15	16:00:00	4356.282	4358.787	4316.402	4320.608	34676	0	260
2026.06.15	20:00:00	4320.843	4322.117	4305.957	4315.715	14675	0	260
2026.06.16	00:00:00	4315.658	4333.222	4306.624	4330.235	40772	0	260
2026.06.16	04:00:00	4330.235	4335.493	4313.307	4334.908	34091	0	260
2026.06.16	08:00:00	4334.854	4349.466	4332.798	4340.763	30210	0	260
2026.06.16	12:00:00	4340.711	4354.979	4313.008	4335.381	63566	0	260
2026.06.16	16:00:00	4335.324	4347.069	4325.185	4334.102	35066	0	260
2026.06.16	20:00:00	4334.049	4338.267	4328.797	4331.111	9955	0	260
2026.06.17	00:00:00	4331.252	4349.742	4328.359	4332.249	37214	0	260
2026.06.17	04:00:00	4332.069	4334.370	4317.377	4325.320	32772	0	260
2026.06.17	08:00:00	4325.376	4335.855	4317.288	4323.320	30227	0	260
2026.06.17	12:00:00	4323.247	4364.912	4319.584	4363.593	62467	0	260
2026.06.17	16:00:00	4363.338	4382.399	4218.832	4235.678	220515	0	260
2026.06.17	20:00:00	4235.610	4283.946	4234.792	4277.846	33189	0	260
2026.06.18	00:00:00	4278.178	4329.955	4276.298	4319.510	60415	0	260
2026.06.18	04:00:00	4319.856	4324.892	4287.320	4288.428	47148	0	260
2026.06.18	08:00:00	4288.710	4292.956	4239.694	4241.759	52835	0	260
2026.06.18	12:00:00	4242.000	4276.706	4222.958	4226.589	97517	0	260
2026.06.18	16:00:00	4226.704	4233.351	4201.210	4216.773	52577	0	260
2026.06.18	20:00:00	4216.826	4219.695	4186.720	4188.559	17151	0	260
2026.06.19	00:00:00	4188.495	4198.179	4145.561	4153.254	43620	0	260
2026.06.19	04:00:00	4153.309	4163.250	4121.603	4158.093	55809	0	260
2026.06.19	08:00:00	4157.878	4178.635	4141.735	4152.435	43418	0	260
2026.06.19	12:00:00	4152.463	4183.065	4142.445	4150.859	57076	0	260
2026.06.19	16:00:00	4150.914	4157.900	4144.268	4155.421	7014	0	260
2026.06.21	20:00:00	4153.418	4164.776	4136.447	4140.090	17284	0	260
2026.06.22	00:00:00	4140.271	4221.249	4139.902	4171.517	84119	0	260
2026.06.22	04:00:00	4171.592	4207.386	4170.561	4190.195	45335	0	260
2026.06.22	08:00:00	4190.402	4215.312	4188.657	4207.228	38932	0	260
2026.06.22	12:00:00	4207.555	4211.752	4169.573	4182.960	79454	0	260
2026.06.22	16:00:00	4182.637	4193.419	4174.284	4190.428	35744	0	260
2026.06.22	20:00:00	4190.372	4195.394	4186.827	4187.682	11513	0	260
2026.06.23	00:00:00	4187.625	4198.671	4130.761	4143.902	69582	0	260
2026.06.23	04:00:00	4144.044	4146.999	4096.463	4098.926	69167	0	260
2026.06.23	08:00:00	4098.901	4133.314	4090.627	4123.087	55530	0	260
2026.06.23	12:00:00	4123.339	4145.096	4105.314	4138.453	93310	0	260
2026.06.23	16:00:00	4138.502	4143.938	4111.538	4111.538	41358	0	260
2026.06.23	20:00:00	4111.578	4115.077	4080.744	4099.321	24040	0	260
2026.06.24	00:00:00	4099.259	4111.984	4050.211	4062.811	102677	0	260
2026.06.24	04:00:00	4062.872	4097.628	4054.855	4074.859	62835	0	260
2026.06.24	08:00:00	4074.807	4087.764	4037.410	4046.884	80558	0	160
2026.06.24	12:00:00	4046.780	4048.899	3964.386	4002.565	365158	0	160
2026.06.24	16:00:00	4002.643	4022.297	3958.811	3987.867	121694	0	160
2026.06.24	20:00:00	3987.916	4018.606	3984.791	4012.325	28134	0	260
2026.06.25	00:00:00	4012.270	4016.485	3962.365	3995.326	115342	0	260
2026.06.25	04:00:00	3995.273	4000.186	3971.283	3987.713	68599	0	260
2026.06.25	08:00:00	3987.661	4002.111	3973.475	3980.193	51089	0	240
2026.06.25	12:00:00	3980.233	4042.736	3978.732	4040.935	164689	0	240
2026.06.25	16:00:00	4041.062	4044.334	4021.904	4026.638	56382	0	240
2026.06.25	20:00:00	4026.565	4036.624	4012.378	4014.651	21564	0	240
2026.06.26	00:00:00	4014.590	4029.684	3982.879	4004.105	73879	0	240
2026.06.26	04:00:00	4004.162	4039.694	3998.654	4030.668	60214	0	240
2026.06.26	08:00:00	4030.485	4055.830	4025.764	4045.764	45948	0	240
2026.06.26	12:00:00	4045.816	4096.054	4035.742	4090.402	98605	0	240
2026.06.26	16:00:00	4090.452	4093.558	4064.427	4071.743	38335	0	240
2026.06.26	20:00:00	4071.562	4090.403	4064.599	4088.245	8843	0	240
2026.06.28	20:00:00	4075.881	4085.307	4051.708	4062.831	18206	0	240
2026.06.29	00:00:00	4062.635	4075.713	4048.217	4068.910	81217	0	240
2026.06.29	04:00:00	4068.991	4069.053	4039.272	4061.729	50642	0	240
2026.06.29	08:00:00	4061.677	4066.724	4024.290	4039.137	48756	0	240
2026.06.29	12:00:00	4039.296	4052.611	4000.148	4027.041	80629	0	240
2026.06.29	16:00:00	4027.100	4032.002	4005.200	4015.978	30509	0	240
2026.06.29	20:00:00	4015.924	4022.486	4009.496	4015.028	14950	0	240
2026.06.30	00:00:00	4014.970	4015.302	3942.099	3969.926	98753	0	240
2026.06.30	04:00:00	3969.724	4034.855	3968.043	4032.322	69851	0	240
2026.06.30	08:00:00	4031.991	4037.753	4012.238	4033.743	39376	0	240
2026.06.30	12:00:00	4033.820	4063.437	4008.615	4029.492	85791	0	240
2026.06.30	16:00:00	4029.530	4033.937	4014.750	4016.036	30652	0	240
2026.06.30	20:00:00	4016.135	4021.062	4005.238	4005.593	16453	0	240
2026.07.01	00:00:00	4005.653	4009.858	3970.116	3980.325	57991	0	240
2026.07.01	04:00:00	3980.373	3982.884	3959.988	3976.152	49439	0	240
2026.07.01	08:00:00	3976.098	4035.604	3969.366	4030.484	43591	0	240
2026.07.01	12:00:00	4030.558	4115.736	4012.764	4081.176	119755	0	240
2026.07.01	16:00:00	4081.241	4088.558	4034.290	4038.822	42272	0	240
2026.07.01	20:00:00	4038.528	4045.279	4028.415	4035.169	18384	0	240
2026.07.02	00:00:00	4034.972	4074.220	4030.584	4070.082	60180	0	240
2026.07.02	04:00:00	4070.138	4079.750	4053.111	4064.533	49146	0	240
2026.07.02	08:00:00	4064.616	4080.213	4057.272	4065.375	41582	0	240
2026.07.02	12:00:00	4065.425	4144.132	4061.130	4128.316	135586	0	160
2026.07.02	16:00:00	4128.465	4130.288	4100.085	4121.466	53641	0	240
2026.07.02	20:00:00	4121.329	4134.121	4116.193	4126.116	15510	0	240
2026.07.03	00:00:00	4126.183	4195.506	4122.965	4175.907	69541	0	240
2026.07.03	04:00:00	4176.131	4182.737	4160.255	4177.541	37234	0	240
2026.07.03	08:00:00	4177.347	4186.643	4168.324	4180.885	29039	0	240
2026.07.03	12:00:00	4181.197	4183.398	4155.235	4164.940	35277	0	240
2026.07.03	16:00:00	4164.885	4176.440	4162.671	4174.913	5738	0	240
2026.07.05	20:00:00	4177.917	4202.273	4173.191	4182.986	18353	0	240
2026.07.06	00:00:00	4183.254	4203.185	4160.887	4165.290	75298	0	240
2026.07.06	04:00:00	4165.240	4166.717	4144.625	4164.468	42743	0	240
2026.07.06	08:00:00	4164.233	4165.991	4136.206	4155.020	36034	0	240
2026.07.06	12:00:00	4155.211	4158.536	4128.412	4148.188	65290	0	240
2026.07.06	16:00:00	4148.240	4167.628	4140.247	4163.632	29278	0	240
2026.07.06	20:00:00	4163.705	4168.555	4156.785	4157.372	10715	0	240
2026.07.07	00:00:00	4157.318	4162.802	4124.302	4131.164	52728	0	240
2026.07.07	04:00:00	4130.946	4141.324	4116.391	4124.771	42545	0	240
2026.07.07	08:00:00	4124.718	4158.503	4119.566	4156.533	38499	0	240
2026.07.07	12:00:00	4156.671	4180.456	4135.645	4138.925	78172	0	240
2026.07.07	16:00:00	4138.923	4148.277	4092.023	4114.211	53355	0	240
2026.07.07	20:00:00	4114.242	4115.878	4094.171	4098.576	19414	0	240
2026.07.08	00:00:00	4098.471	4131.212	4096.349	4123.514	76644	0	240
2026.07.08	04:00:00	4123.457	4134.080	4114.581	4121.219	48917	0	240
2026.07.08	08:00:00	4121.290	4121.398	4040.406	4061.990	112978	0	240
2026.07.08	12:00:00	4061.935	4086.373	4021.718	4034.079	121177	0	240
2026.07.08	16:00:00	4034.133	4091.543	4033.105	4080.005	66899	0	240
2026.07.08	20:00:00	4080.059	4083.607	4071.611	4076.276	17642	0	240
2026.07.09	00:00:00	4076.084	4089.993	4054.046	4064.060	57154	0	240
2026.07.09	04:00:00	4064.111	4111.262	4056.333	4107.713	52934	0	240
2026.07.09	08:00:00	4107.765	4117.701	4093.537	4108.528	37465	0	240
2026.07.09	12:00:00	4108.623	4136.316	4105.090	4126.646	69296	0	240
2026.07.09	16:00:00	4126.807	4138.194	4118.641	4122.250	31533	0	240
2026.07.09	20:00:00	4122.201	4127.656	4120.588	4123.547	10633	0	240
2026.07.10	00:00:00	4123.495	4134.804	4108.537	4120.104	43458	0	240
2026.07.10	04:00:00	4120.253	4121.195	4104.309	4108.837	35825	0	240
2026.07.10	08:00:00	4108.888	4112.652	4094.225	4102.451	30976	0	240
2026.07.10	12:00:00	4102.456	4117.611	4072.658	4112.877	76939	0	240
2026.07.10	16:00:00	4112.933	4115.509	4097.691	4108.274	28424	0	240
2026.07.10	20:00:00	4108.212	4121.141	4108.148	4119.908	4724	0	240
2026.07.12	20:00:00	4098.561	4099.253	4068.426	4084.311	18539	0	240
2026.07.13	00:00:00	4084.359	4091.138	4052.761	4060.356	75676	0	240
2026.07.13	04:00:00	4060.242	4073.248	4043.707	4064.528	52530	0	240
2026.07.13	08:00:00	4064.639	4080.834	4046.458	4056.473	46131	0	240
2026.07.13	12:00:00	4056.507	4067.656	4000.158	4015.989	97085	0	240
2026.07.13	16:00:00	4015.796	4018.099	3986.478	4001.808	56764	0	240
2026.07.13	20:00:00	4001.858	4006.290	3992.724	4000.913	16473	0	240
2026.07.14	00:00:00	4000.983	4019.154	3983.307	4016.796	71772	0	240
2026.07.14	04:00:00	4016.850	4034.183	4013.371	4020.825	38363	0	240
2026.07.14	08:00:00	4020.939	4031.987	4013.572	4031.031	39876	0	240
2026.07.14	12:00:00	4030.963	4103.230	4023.108	4066.391	122758	0	160
2026.07.14	16:00:00	4066.449	4067.193	4042.673	4055.864	44208	0	240
2026.07.14	20:00:00	4055.700	4056.467	4046.630	4053.123	13329	0	240
2026.07.15	00:00:00	4052.928	4062.030	4027.823	4031.271	48500	0	240
2026.07.15	04:00:00	4031.320	4036.595	4019.593	4024.490	40158	0	240
2026.07.15	08:00:00	4024.346	4040.395	4017.244	4038.137	36729	0	240
2026.07.15	12:00:00	4038.189	4074.262	4035.890	4046.920	74478	0	240
2026.07.15	16:00:00	4046.871	4081.502	4026.676	4056.879	58508	0	240
2026.07.15	20:00:00	4056.759	4065.797	4055.011	4057.900	13630	0	240
2026.07.16	00:00:00	4057.945	4061.388	4024.019	4036.093	49239	0	240
2026.07.16	04:00:00	4036.075	4038.019	4022.753	4030.518	40749	0	240
2026.07.16	08:00:00	4030.396	4042.447	4021.084	4038.504	36897	0	240
2026.07.16	12:00:00	4038.559	4043.354	3973.537	4007.048	107084	0	240
2026.07.16	16:00:00	4006.886	4007.811	3969.226	3979.863	52105	0	240
2026.07.16	20:00:00	3979.814	3986.446	3971.746	3985.782	14340	0	240
2026.07.17	00:00:00	3985.830	4008.965	3970.410	3991.293	63369	0	240
2026.07.17	04:00:00	3991.380	4007.239	3975.030	3992.803	53862	0	240
2026.07.17	08:00:00	3992.755	4002.621	3987.670	3993.976	41752	0	240
2026.07.17	12:00:00	3994.086	4021.243	3959.360	4018.925	104332	0	240
2026.07.17	16:00:00	4018.980	4023.877	4002.346	4015.241	40957	0	240
2026.07.17	20:00:00	4015.367	4018.808	4008.542	4017.685	5331	0	240
2026.07.19	20:00:00	4000.132	4002.918	3989.154	3995.625	14067	0	240
2026.07.20	00:00:00	3995.494	4028.865	3982.626	4024.205	70900	0	240
2026.07.20	04:00:00	4024.155	4026.663	4001.958	4017.415	42433	0	240
2026.07.20	08:00:00	4017.152	4040.765	4014.781	4025.300	44689	0	240
2026.07.20	12:00:00	4025.235	4025.307	3998.109	4011.869	68478	0	240
2026.07.20	16:00:00	4011.819	4018.486	4001.252	4006.958	36268	0	240
2026.07.20	20:00:00	4007.027	4010.753	3999.837	4009.702	16384	0	240
2026.07.21	00:00:00	4009.812	4051.732	4003.815	4046.793	58428	0	240
2026.07.21	04:00:00	4046.906	4084.270	4043.611	4071.362	38737	0	240
2026.07.21	08:00:00	4071.292	4072.527	4054.285	4056.103	33403	0	240
2026.07.21	12:00:00	4056.073	4083.588	4044.425	4074.259	63900	0	240
2026.07.21	16:00:00	4074.187	4087.379	4066.659	4084.516	27116	0	240
2026.07.21	20:00:00	4084.467	4086.427	4076.690	4080.668	12332	0	240
2026.07.22	00:00:00	4080.459	4141.681	4076.583	4130.926	58212	0	240
2026.07.22	04:00:00	4130.873	4135.218	4109.086	4110.776	40124	0	240
2026.07.22	08:00:00	4110.473	4123.031	4110.473	4122.520	34326	0	240
2026.07.22	12:00:00	4122.452	4166.054	4106.217	4159.132	65722	0	240
2026.07.22	16:00:00	4159.181	4159.560	4128.937	4131.685	32974	0	240
2026.07.22	20:00:00	4131.577	4137.792	4115.698	4133.267	23543	0	240
2026.07.23	00:00:00	4133.319	4141.157	4112.096	4124.798	54421	0	240
2026.07.23	04:00:00	4124.682	4130.596	4089.938	4095.526	44219	0	240
2026.07.23	08:00:00	4095.225	4099.246	4072.764	4085.749	46334	0	240
2026.07.23	12:00:00	4085.501	4086.086	4039.957	4048.786	96377	0	240
2026.07.23	16:00:00	4048.650	4054.635	4040.540	4049.891	35046	0	240
2026.07.23	20:00:00	4049.956	4051.329	4046.449	4046.905	11152	0	240
2026.07.24	00:00:00	4046.993	4050.828	4022.985	4029.371	44091	0	240
2026.07.24	04:00:00	4029.311	4053.816	4021.844	4048.572	36980	0	240
2026.07.24	08:00:00	4048.339	4063.926	4045.053	4057.666	28791	0	240
2026.07.24	12:00:00	4057.637	4082.120	4044.518	4077.411	64736	0	240
2026.07.24	16:00:00	4077.437	4078.226	4049.034	4053.523	31646	0	240
2026.07.24	20:00:00	4053.687	4056.167	4051.511	4052.772	4173	0	240
2026.07.26	20:00:00	4091.771	4096.553	4083.583	4093.898	11002	0	240
2026.07.27	00:00:00	4094.295	4116.292	4085.199	4090.842	55326	0	240
2026.07.27	04:00:00	4090.894	4106.041	4084.301	4088.908	35912	0	240
2026.07.27	08:00:00	4088.963	4104.167	4086.293	4094.031	35301	0	240
2026.07.27	12:00:00	4094.040	4097.776	4065.247	4078.608	74794	0	240
2026.07.27	16:00:00	4078.513	4093.778	4070.495	4083.208	38404	0	240
2026.07.27	20:00:00	4083.258	4084.134	4069.838	4073.195	11786	0	240
2026.07.28	00:00:00	4073.146	4074.211	4040.193	4049.236	51250	0	240
2026.07.28	04:00:00	4049.189	4052.418	4034.702	4047.179	35524	0	240
2026.07.28	08:00:00	4047.361	4055.264	4016.830	4028.003	48415	0	240
2026.07.28	12:00:00	4027.906	4047.056	4011.292	4045.973	74750	0	240
2026.07.28	16:00:00	4046.281	4046.565	4021.583	4026.526	31668	0	240
2026.07.28	20:00:00	4026.217	4030.490	4013.864	4025.098	16449	0	240
2026.07.29	00:00:00	4024.898	4038.010	4009.998	4023.687	57444	0	240
2026.07.29	04:00:00	4023.703	4047.826	4020.471	4043.882	36316	0	240
2026.07.29	08:00:00	4043.832	4044.475	4024.785	4032.616	28416	0	240
2026.07.29	12:00:00	4032.665	4033.541	3995.886	4009.906	71729	0	240
2026.07.29	16:00:00	4009.736	4116.458	4007.434	4044.773	150542	0	240
2026.07.29	20:00:00	4044.721	4100.378	4042.540	4084.754	37322	0	240
2026.07.30	00:00:00	4084.555	4093.150	4050.567	4058.764	76741	0	240
2026.07.30	04:00:00	4059.029	4060.219	4028.255	4038.908	61703	0	240
2026.07.30	08:00:00	4038.607	4083.063	4036.592	4077.586	60497	0	240
2026.07.30	12:00:00	4077.699	4120.398	4064.878	4107.999	127884	0	240
2026.07.30	16:00:00	4107.945	4119.271	4098.591	4112.162	38432	0	240
2026.07.30	20:00:00	4112.217	4117.495	4098.986	4105.897	17486	0	240
2026.07.31	00:00:00	4105.848	4107.253	4071.821	4075.036	42052	0	240
2026.07.31	04:00:00	4075.041	4087.528	4067.306	4067.807	32609	0	240
2026.07.31	08:00:00	4067.747	4067.814	4050.008	4053.731	37788	0	240
2026.07.31	12:00:00	4053.659	4059.501	4020.803	4045.566	76673	0	240
2026.07.31	16:00:00	4045.512	4055.681	4041.057	4051.051	34299	0	240
2026.07.31	20:00:00	4050.941	4053.062	4043.047	4043.812	11783	0	240
2026.08.02	20:00:00	4073.040	4079.535	4063.069	4074.778	13917	0	240
2026.08.03	00:00:00	4074.839	4079.158	4047.350	4064.884	60287	0	240
2026.08.03	04:00:00	4064.962	4071.965	4051.873	4060.835	41897	0	240
2026.08.03	08:00:00	4061.148	4063.058	4045.314	4062.400	37956	0	240
2026.08.03	12:00:00	4062.360	4064.700	4018.977	4036.023	64877	0	240
2026.08.03	16:00:00	4036.161	4055.885	4029.475	4052.120	26703	0	240
2026.08.03	20:00:00	4052.182	4058.237	4049.180	4053.762	11869	0	240
2026.08.04	00:00:00	4053.703	4069.405	4042.403	4052.572	42025	0	240
2026.08.04	04:00:00	4052.599	4067.670	4051.030	4065.330	30687	0	240
2026.08.04	08:00:00	4065.377	4084.329	4045.486	4074.925	45142	0	240
2026.08.04	12:00:00	4074.978	4093.765	4060.834	4087.423	79564	0	240
2026.08.04	16:00:00	4087.311	4106.425	4075.023	4078.473	35117	0	240
2026.08.04	20:00:00	4078.568	4085.734	4065.362	4072.308	15868	0	240
2026.08.05	00:00:00	4072.356	4136.533	4070.191	4128.383	52319	0	240
2026.08.05	04:00:00	4128.390	4179.626	4128.287	4170.626	56520	0	240
2026.08.05	08:00:00	4170.574	4192.729	4149.997	4188.955	47689	0	240
2026.08.05	12:00:00	4189.012	4265.316	4183.072	4232.923	99516	0	240
2026.08.05	16:00:00	4232.974	4267.858	4224.624	4246.996	43904	0	240
2026.08.05	20:00:00	4246.824	4281.986	4242.893	4278.055	15638	0	240
2026.08.06	00:00:00	4278.111	4304.283	4260.082	4265.508	76370	0	240
2026.08.06	04:00:00	4265.566	4268.619	4246.969	4262.569	37753	0	240
2026.08.06	08:00:00	4262.622	4284.755	4253.942	4263.132	36604	0	240
2026.08.06	12:00:00	4263.074	4275.343	4228.929	4233.828	85672	0	240
2026.08.06	16:00:00	4233.886	4251.344	4223.147	4248.790	48152	0	240
2026.08.06	20:00:00	4248.944	4253.243	4234.618	4252.140	14155	0	240
2026.08.07	00:00:00	4252.394	4266.503	4229.509	4265.983	54818	0	240
2026.08.07	04:00:00	4265.919	4298.817	4260.792	4289.992	51984	0	240
2026.08.07	08:00:00	4290.047	4327.848	4288.871	4321.086	48200	0	240
2026.08.07	12:00:00	4321.291	4371.969	4300.837	4341.025	126203	0	240
2026.08.07	16:00:00	4341.162	4350.396	4327.747	4344.025	49330	0	240
2026.08.07	20:00:00	4344.087	4345.311	4335.875	4342.475	6224	0	260
2026.08.09	20:00:00	4347.782	4349.153	4331.889	4332.663	12445	0	240
2026.08.10	00:00:00	4332.600	4347.209	4313.179	4326.402	64598	0	240
2026.08.10	04:00:00	4326.703	4362.164	4322.753	4355.551	43644	0	240
2026.08.10	08:00:00	4355.496	4356.733	4328.744	4335.181	33809	0	240
2026.08.10	12:00:00	4334.905	4359.651	4316.584	4358.474	65214	0	240
2026.08.10	16:00:00	4358.321	4395.317	4349.017	4388.191	42103	0	240
2026.08.10	20:00:00	4388.404	4402.641	4385.576	4402.264	13162	0	240
2026.08.11	00:00:00	4402.212	4435.346	4393.476	4416.935	60063	0	260
2026.08.11	04:00:00	4416.941	4420.242	4356.622	4357.847	62203	0	260
2026.08.11	08:00:00	4357.781	4392.981	4356.859	4387.807	41012	0	260
2026.08.11	12:00:00	4387.792	4404.244	4368.930	4383.644	69329	0	260
2026.08.11	16:00:00	4383.762	4385.877	4359.977	4370.717	34665	0	240
2026.08.11	20:00:00	4370.773	4378.286	4362.548	4371.373	14382	0	240
2026.08.12	00:00:00	4371.543	4416.335	4366.418	4402.143	41336	0	240
2026.08.12	04:00:00	4402.416	4410.133	4383.819	4406.247	33387	0	260
2026.08.12	08:00:00	4406.210	4424.392	4401.506	4412.685	32897	0	260
2026.08.12	12:00:00	4412.548	4441.423	4382.027	4420.789	105744	0	260
2026.08.12	16:00:00	4420.848	4426.579	4396.059	4413.927	40480	0	260
2026.08.12	20:00:00	4413.720	4414.588	4398.176	4414.262	11591	0	240
2026.08.13	00:00:00	4414.599	4449.778	4398.510	4400.305	64949	0	260
2026.08.13	04:00:00	4400.277	4407.354	4368.813	4370.014	51297	0	260
2026.08.13	08:00:00	4370.014	4396.620	4363.950	4387.549	32019	0	260
2026.08.13	12:00:00	4387.846	4402.283	4357.247	4365.226	88348	0	260
2026.08.13	16:00:00	4365.013	4373.304	4343.704	4349.864	40674	0	240
2026.08.13	20:00:00	4349.919	4364.233	4346.737	4356.612	15720	0	240
2026.08.14	00:00:00	4356.547	4362.198	4310.771	4323.320	66153	0	240
2026.08.14	04:00:00	4323.612	4345.317	4310.871	4343.451	37300	0	240
2026.08.14	08:00:00	4343.504	4369.602	4341.712	4368.990	29705	0	240
2026.08.14	12:00:00	4369.111	4397.008	4365.489	4391.412	60797	0	260
2026.08.14	16:00:00	4391.737	4396.816	4370.944	4376.150	26458	0	240
2026.08.14	20:00:00	4376.084	4377.050	4371.293	4375.778	4037	0	260
2026.08.16	20:00:00	4379.402	4386.917	4366.993	4370.359	11427	0	240
2026.08.17	00:00:00	4370.182	4416.632	4368.092	4396.851	50443	0	240
2026.08.17	04:00:00	4397.185	4411.343	4386.781	4405.067	38310	0	260
2026.08.17	08:00:00	4404.950	4405.928	4391.742	4396.906	31387	0	260
2026.08.17	12:00:00	4396.774	4427.868	4377.282	4427.360	60719	0	260
2026.08.17	16:00:00	4427.420	4428.700	4397.917	4419.916	34793	0	260
2026.08.17	20:00:00	4419.588	4425.907	4409.742	4425.733	11210	0	260
2026.08.18	00:00:00	4425.739	4436.253	4390.531	4391.959	48782	0	260
2026.08.18	04:00:00	4391.907	4403.658	4385.878	4395.737	31076	0	260
2026.08.18	08:00:00	4395.786	4399.627	4386.715	4395.791	29051	0	260
2026.08.18	12:00:00	4395.835	4407.047	4351.393	4364.913	87334	0	260
2026.08.18	16:00:00	4364.983	4371.706	4338.249	4345.368	38987	0	240
2026.08.18	20:00:00	4345.428	4346.558	4327.099	4332.857	17349	0	240
2026.08.19	00:00:00	4333.163	4361.965	4324.382	4355.022	57551	0	240
2026.08.19	04:00:00	4355.015	4363.060	4334.952	4354.929	40352	0	240
2026.08.19	08:00:00	4354.916	4374.117	4350.976	4364.797	31503	0	240
2026.08.19	12:00:00	4364.743	4498.715	4361.883	4493.656	132788	0	260
2026.08.19	16:00:00	4493.715	4512.317	4471.923	4510.963	51092	0	260
2026.08.19	20:00:00	4511.051	4527.511	4505.281	4511.841	18775	0	260
2026.08.20	00:00:00	4511.898	4521.189	4484.443	4498.980	62503	0	260
2026.08.20	04:00:00	4499.036	4499.297	4477.715	4490.746	37068	0	260
2026.08.20	08:00:00	4490.735	4498.745	4465.284	4467.081	40218	0	260
2026.08.20	12:00:00	4467.154	4541.022	4450.390	4521.719	111330	0	260
2026.08.20	16:00:00	4521.775	4532.239	4502.776	4528.860	49826	0	260
2026.08.20	20:00:00	4528.695	4532.901	4516.722	4526.459	14658	0	260
2026.08.21	00:00:00	4526.340	4543.936	4508.614	4535.228	54150	0	260
2026.08.21	04:00:00	4535.348	4568.229	4529.256	4564.151	42772	0	260
2026.08.21	08:00:00	4564.210	4604.593	4559.006	4597.174	43919	0	260
2026.08.21	12:00:00	4597.147	4615.344	4563.321	4614.386	76169	0	260
2026.08.21	16:00:00	4614.449	4632.130	4609.101	4617.099	43067	0	260
2026.08.21	20:00:00	4617.158	4617.697	4602.445	4604.044	7596	0	260
2026.08.23	20:00:00	4615.655	4624.620	4604.499	4623.935	14357	0	260
2026.08.24	00:00:00	4624.199	4656.934	4594.194	4641.732	92709	0	260
2026.08.24	04:00:00	4641.677	4660.027	4629.586	4641.432	62840	0	260
2026.08.24	08:00:00	4641.465	4670.332	4628.655	4658.088	55598	0	260
2026.08.24	12:00:00	4657.735	4680.973	4639.767	4649.032	116125	0	260
2026.08.24	16:00:00	4649.021	4662.327	4624.771	4651.786	107278	0	260
2026.08.24	20:00:00	4651.710	4682.940	4647.032	4679.762	19183	0	260
2026.08.25	00:00:00	4679.802	4697.046	4617.750	4633.837	152438	0	260
2026.08.25	04:00:00	4633.465	4653.540	4623.552	4630.190	84232	0	260
2026.08.25	08:00:00	4630.178	4647.536	4620.091	4642.515	77184	0	260
2026.08.25	12:00:00	4642.668	4659.602	4605.205	4652.513	140591	0	260
2026.08.25	16:00:00	4652.574	4668.327	4634.034	4666.728	55831	0	260
2026.08.25	20:00:00	4667.059	4673.624	4653.197	4654.856	15275	0	260
2026.08.26	00:00:00	4654.638	4670.634	4629.301	4642.510	54319	0	260
2026.08.26	04:00:00	4642.782	4649.343	4624.570	4628.744	37066	0	260
2026.08.26	08:00:00	4628.749	4631.071	4613.139	4624.754	32232	0	260
2026.08.26	12:00:00	4624.728	4633.566	4582.911	4596.151	93981	0	260
2026.08.26	16:00:00	4596.214	4604.597	4585.457	4594.140	38595	0	260
2026.08.26	20:00:00	4594.173	4624.949	4583.836	4623.564	17343	0	260
2026.08.27	00:00:00	4623.466	4643.181	4600.380	4625.611	50904	0	260
2026.08.27	04:00:00	4625.402	4627.379	4593.330	4600.297	40887	0	260
2026.08.27	08:00:00	4600.369	4606.982	4568.849	4598.125	38197	0	260
2026.08.27	12:00:00	4598.179	4611.411	4564.912	4610.262	74828	0	260
2026.08.27	16:00:00	4610.386	4618.123	4600.654	4609.352	35151	0	260
2026.08.27	20:00:00	4609.018	4611.541	4594.209	4594.556	12613	0	260
2026.08.28	00:00:00	4594.612	4602.583	4575.005	4580.059	45971	0	260
2026.08.28	04:00:00	4579.757	4614.480	4571.290	4611.601	39512	0	260
2026.08.28	08:00:00	4611.532	4614.664	4591.106	4593.461	31587	0	260
2026.08.28	12:00:00	4593.339	4632.240	4523.759	4524.629	174340	0	260
2026.08.28	16:00:00	4524.230	4529.576	4445.343	4458.431	131512	0	260
2026.08.28	20:00:00	4458.376	4462.628	4452.972	4456.134	7796	0	260
2026.08.30	20:00:00	4439.040	4466.891	4435.620	4458.240	17133	0	260
2026.08.31	00:00:00	4458.301	4472.423	4396.333	4422.550	91895	0	260
2026.08.31	04:00:00	4422.584	4448.371	4412.869	4443.123	47193	0	260
2026.08.31	08:00:00	4443.046	4464.062	4433.623	4455.212	31889	0	260
2026.08.31	12:00:00	4455.372	4461.059	4415.519	4426.152	83420	0	260
2026.08.31	16:00:00	4426.072	4453.748	4423.554	4453.549	37295	0	260
2026.08.31	20:00:00	4453.156	4456.019	4441.635	4452.137	12876	0	260
2026.09.01	00:00:00	4452.220	4461.502	4427.764	4436.765	52611	0	260
2026.09.01	04:00:00	4436.547	4446.066	4412.046	4420.236	43809	0	260
2026.09.01	08:00:00	4420.229	4420.229	4364.168	4374.506	73340	0	260
2026.09.01	12:00:00	4374.178	4376.216	4326.079	4373.031	103308	0	260
2026.09.01	16:00:00	4373.097	4374.913	4322.672	4326.748	56026	0	240
2026.09.01	20:00:00	4326.675	4335.786	4322.753	4324.635	14999	0	240
2026.09.02	00:00:00	4324.688	4334.484	4282.227	4303.151	87270	0	240
2026.09.02	04:00:00	4303.127	4331.391	4301.270	4323.057	53995	0	240
2026.09.02	08:00:00	4323.181	4332.959	4301.796	4332.125	46884	0	240
2026.09.02	12:00:00	4332.228	4397.767	4327.174	4373.001	91446	0	240
2026.09.02	16:00:00	4372.895	4391.339	4364.305	4391.156	36080	0	240
2026.09.02	20:00:00	4391.102	4393.216	4380.937	4385.397	12800	0	240
2026.09.03	00:00:00	4385.810	4432.652	4382.629	4431.260	51450	0	260
2026.09.03	04:00:00	4431.205	4440.370	4418.795	4428.596	46708	0	260
2026.09.03	08:00:00	4428.670	4445.848	4418.844	4444.004	44558	0	260
2026.09.03	12:00:00	4443.926	4510.953	4437.864	4493.114	102720	0	260
2026.09.03	16:00:00	4493.172	4495.481	4472.534	4475.033	36988	0	260
2026.09.03	20:00:00	4475.369	4480.270	4470.289	4479.842	13192	0	260
2026.09.04	00:00:00	4480.209	4487.532	4466.846	4467.110	43333	0	260
2026.09.04	04:00:00	4466.786	4490.905	4460.066	4483.478	36967	0	260
2026.09.04	08:00:00	4483.536	4486.401	4463.750	4466.827	32536	0	260
2026.09.04	12:00:00	4466.807	4476.485	4365.204	4436.534	144995	0	260
2026.09.04	16:00:00	4436.719	4443.566	4411.856	4434.625	40847	0	260
2026.09.04	20:00:00	4434.570	4435.286	4428.472	4430.155	3744	0	260
2026.09.06	20:00:00	4421.983	4435.023	4417.610	4423.098	9800	0	260
2026.09.07	00:00:00	4423.160	4429.787	4389.434	4404.055	57053	0	260
2026.09.07	04:00:00	4403.950	4413.403	4385.221	4406.183	41302	0	260
2026.09.07	08:00:00	4406.238	4423.965	4380.933	4385.418	35894	0	260
2026.09.07	12:00:00	4385.487	4419.524	4385.274	4414.250	32409	0	260
2026.09.07	16:00:00	4414.371	4417.377	4403.033	4405.138	8284	0	260
2026.09.07	20:00:00	4412.384	4428.111	4406.111	4423.039	10324	0	260
2026.09.08	00:00:00	4422.828	4440.813	4414.853	4437.541	62142	0	260
2026.09.08	04:00:00	4437.870	4443.097	4389.934	4392.205	50826	0	260
2026.09.08	08:00:00	4392.535	4407.994	4387.701	4406.231	43197	0	260
2026.09.08	12:00:00	4406.292	4413.181	4385.152	4394.656	77902	0	260
2026.09.08	16:00:00	4394.892	4403.838	4356.599	4359.555	54750	0	260
2026.09.08	20:00:00	4359.499	4364.300	4345.122	4350.031	16909	0	240
2026.09.09	00:00:00	4349.791	4384.515	4340.916	4375.153	48667	0	240
2026.09.09	04:00:00	4375.096	4412.771	4370.600	4409.276	33152	0	260
2026.09.09	08:00:00	4409.152	4415.395	4386.168	4407.205	33101	0	260
2026.09.09	12:00:00	4407.150	4434.161	4375.075	4398.504	104867	0	260
2026.09.09	16:00:00	4398.723	4421.620	4391.373	4398.907	43359	0	260
2026.09.09	20:00:00	4398.853	4406.425	4393.076	4394.034	13898	0	240
2026.09.10	00:00:00	4393.980	4420.985	4389.657	4409.263	52431	0	260
2026.09.10	04:00:00	4408.984	4435.004	4403.900	4411.852	42756	0	260
2026.09.10	08:00:00	4411.794	4412.911	4374.003	4374.341	53229	0	260
2026.09.10	12:00:00	4374.410	4377.692	4323.930	4365.991	142412	0	260
2026.09.10	16:00:00	4366.056	4369.899	4313.524	4324.224	64518	0	240
2026.09.10	20:00:00	4324.659	4324.882	4311.082	4315.237	17212	0	240
2026.09.11	00:00:00	4315.164	4340.559	4300.524	4304.146	69760	0	240
2026.09.11	04:00:00	4304.023	4361.130	4301.884	4344.669	57159	0	260
2026.09.11	08:00:00	4345.060	4357.605	4329.900	4333.255	47591	0	240
2026.09.11	12:00:00	4333.198	4402.687	4291.770	4366.912	140720	0	260
2026.09.11	16:00:00	4366.860	4372.933	4342.683	4348.355	51994	0	240
2026.09.11	20:00:00	4348.286	4351.397	4345.409	4349.302	4784	0	260
2026.09.13	20:00:00	4339.582	4342.489	4328.399	4332.941	11304	0	240
2026.09.14	00:00:00	4332.802	4355.284	4326.089	4330.603	67397	0	260
2026.09.14	04:00:00	4330.391	4338.680	4307.781	4310.737	47705	0	240
2026.09.14	08:00:00	4311.065	4318.079	4277.899	4287.120	53451	0	240
2026.09.14	12:00:00	4287.174	4298.315	4253.404	4288.273	103005	0	240
2026.09.14	16:00:00	4288.391	4317.948	4282.815	4283.289	45512	0	240
2026.09.14	20:00:00	4283.344	4300.831	4282.167	4288.286	16729	0	240
2026.09.15	00:00:00	4288.232	4317.392	4283.027	4303.647	43182	0	240
2026.09.15	04:00:00	4303.593	4309.773	4275.990	4280.361	40828	0	240
2026.09.15	08:00:00	4280.385	4286.821	4261.130	4284.448	44129	0	240
2026.09.15	12:00:00	4284.392	4300.615	4271.256	4289.416	74502	0	240
2026.09.15	16:00:00	4289.475	4310.753	4285.324	4297.507	36955	0	240
2026.09.15	20:00:00	4297.622	4299.121	4281.022	4283.306	14200	0	240
2026.09.16	00:00:00	4283.373	4341.240	4275.393	4326.983	48495	0	240
2026.09.16	04:00:00	4327.040	4339.183	4320.365	4329.163	35717	0	240
2026.09.16	08:00:00	4329.286	4353.602	4322.843	4341.817	41464	0	240
2026.09.16	12:00:00	4341.740	4362.018	4324.035	4352.898	62608	0	240
2026.09.16	16:00:00	4352.715	4368.961	4234.930	4272.170	183520	0	240
2026.09.16	20:00:00	4272.019	4276.145	4257.034	4271.571	25990	0	240
2026.09.17	00:00:00	4271.627	4318.220	4266.026	4296.078	66930	0	240
2026.09.17	04:00:00	4296.003	4335.375	4285.293	4326.992	47207	0	240
2026.09.17	08:00:00	4327.094	4353.440	4305.000	4349.953	45164	0	240
2026.09.17	12:00:00	4349.651	4381.363	4343.673	4369.795	95893	0	260
2026.09.17	16:00:00	4369.619	4372.507	4342.514	4346.289	37055	0	240
2026.09.17	20:00:00	4346.233	4349.383	4339.683	4346.397	13901	0	240
2026.09.18	00:00:00	4346.062	4365.570	4334.052	4359.136	42952	0	260
2026.09.18	04:00:00	4359.080	4399.722	4352.855	4393.382	42880	0	260
2026.09.18	08:00:00	4393.292	4398.526	4372.536	4381.223	43145	0	260
2026.09.18	12:00:00	4381.345	4382.884	4342.626	4356.429	76090	0	240
2026.09.18	16:00:00	4356.464	4397.075	4354.680	4376.611	40912	0	240
2026.09.18	20:00:00	4376.457	4383.415	4375.479	4378.062	5800	0	260
2026.09.20	20:00:00	4374.114	4382.457	4368.731	4372.514	9629	0	240
2026.09.21	00:00:00	4372.494	4383.391	4357.846	4358.935	47118	0	260
2026.09.21	04:00:00	4359.156	4365.373	4341.840	4344.350	42895	0	260
2026.09.21	08:00:00	4344.294	4371.161	4339.936	4368.996	37709	0	260
2026.09.21	12:00:00	4368.911	4374.954	4322.715	4347.952	69837	0	240
2026.09.21	16:00:00	4348.007	4357.059	4337.263	4345.141	34174	0	240
2026.09.21	20:00:00	4345.218	4370.794	4339.151	4368.405	16181	0	240
2026.09.22	00:00:00	4368.471	4376.057	4339.306	4341.857	50887	0	260
2026.09.22	04:00:00	4341.481	4347.507	4299.488	4301.191	48579	0	240
2026.09.22	08:00:00	4301.124	4337.983	4291.359	4322.359	70350	0	240
2026.09.22	12:00:00	4322.345	4344.172	4314.727	4331.209	73295	0	240
2026.09.22	16:00:00	4331.342	4371.166	4322.549	4363.960	45967	0	240
2026.09.22	20:00:00	4364.109	4365.685	4357.336	4363.741	13180	0	260
2026.09.23	00:00:00	4363.740	4369.295	4333.074	4342.682	33677	0	260
2026.09.23	04:00:00	4342.726	4347.421	4318.664	4319.708	30842	0	240
2026.09.23	08:00:00	4319.774	4322.717	4294.425	4309.438	33933	0	240
2026.09.23	12:00:00	4309.469	4319.000	4277.363	4282.091	76754	0	240
2026.09.23	16:00:00	4282.035	4295.019	4274.555	4284.008	47550	0	240
2026.09.23	20:00:00	4284.046	4294.397	4282.602	4288.714	15074	0	240
2026.09.24	00:00:00	4288.769	4303.403	4273.498	4284.757	45191	0	240
2026.09.24	04:00:00	4284.748	4296.219	4274.087	4278.423	40888	0	240
2026.09.24	08:00:00	4278.311	4285.586	4243.993	4265.729	58859	0	240
2026.09.24	12:00:00	4265.670	4284.878	4244.586	4256.817	68153	0	240
2026.09.24	16:00:00	4256.616	4288.582	4252.493	4274.001	78054	0	240
2026.09.24	20:00:00	4273.694	4275.947	4264.245	4265.093	16337	0	240
2026.09.25	00:00:00	4264.983	4295.747	4264.345	4270.121	35888	0	240
2026.09.25	04:00:00	4270.064	4282.044	4256.153	4279.784	41106	0	240
2026.09.25	08:00:00	4279.732	4315.720	4274.756	4302.819	44319	0	240
2026.09.25	12:00:00	4303.067	4309.519	4254.228	4290.843	77332	0	240
2026.09.25	16:00:00	4290.900	4300.307	4279.174	4290.964	52486	0	240
2026.09.25	20:00:00	4291.029	4292.166	4284.140	4285.897	4660	0	240
