<DATE>	<OPEN>	<HIGH>	<LOW>	<CLOSE>	<TICKVOL>	<VOL>	<SPREAD>
2026.01.04	4353.486	4517.180	4349.834	4509.075	2072800	0	160
2026.01.11	4517.918	4643.189	4517.918	4596.588	2254396	0	160
2026.01.18	4655.358	4989.804	4653.138	4988.337	2387013	0	160
2026.01.25	5019.847	5595.338	4682.526	4891.496	6296089	0	160
2026.02.01	4793.519	5091.872	4401.961	4968.156	4080319	0	160
2026.02.08	4967.733	5119.271	4878.378	5042.635	1604291	0	160
2026.02.15	5026.790	5108.075	4841.029	5105.788	1113206	0	160
2026.02.22	5111.774	5281.384	5093.199	5279.159	1202536	0	240
2026.03.01	5319.152	5419.131	4995.830	5174.204	2197341	0	240
2026.03.08	5178.932	5238.489	5009.504	5021.082	1319088	0	240
2026.03.15	5016.992	5044.531	4477.064	4497.486	2150447	0	160
2026.03.22	4477.889	4602.565	4098.363	4495.434	5652537	0	260
2026.03.29	4511.584	4800.345	4418.380	4675.333	2042956	0	280
2026.04.05	4662.923	4857.230	4600.515	4749.455	1875489	0	160
2026.04.12	4670.232	4889.866	4643.986	4833.011	1333119	0	280
2026.04.19	4774.618	4833.152	4657.581	4708.466	1451710	0	280
2026.04.26	4696.125	4730.145	4510.087	4613.309	1370567	0	280
2026.05.03	4626.129	4764.839	4500.581	4715.438	1399484	0	280
2026.05.10	4691.978	4773.670	4511.187	4539.780	1408861	0	280
2026.05.17	4538.378	4589.387	4453.413	4507.776	1693121	0	280
2026.05.24	4545.401	4595.203	4366.246	4540.377	1263778	0	280
2026.05.31	4521.226	4546.173	4311.591	4328.774	1334884	0	260
2026.06.07	4325.114	4363.463	4023.773	4218.665	2318548	0	260
2026.06.14	4270.346	4382.399	4121.603	4155.421	1429686	0	260
2026.06.21	4153.418	4221.249	3958.811	4088.245	2229913	0	160
2026.06.28	4075.881	4195.506	3942.099	4174.913	1529691	0	160
2026.07.05	4177.917	4203.185	4021.718	4119.908	1486042	0	240
2026.07.12	4098.561	4103.230	3959.360	4017.685	1575524	0	160
2026.07.19	4000.132	4166.054	3982.626	4052.772	1280002	0	240
2026.07.26	4091.771	4120.398	3995.886	4043.812	1520297	0	240
2026.08.02	4073.040	4371.969	4018.977	4342.475	1456960	0	240
2026.08.09	4347.782	4449.778	4310.771	4375.778	1339521	0	240
2026.08.16	4379.402	4632.130	4324.382	4604.044	1406205	0	240
2026.08.23	4615.655	4697.046	4445.343	4456.134	1950475	0	260
2026.08.30	4439.040	4510.953	4282.227	4430.155	1592307	0	240
2026.09.06	4421.983	4443.097	4291.770	4349.302	1522402	0	240
2026.09.13	4339.582	4399.722	4234.930	4378.062	1554622	0	240
2026.09.20	4374.114	4383.391	4243.993	4285.897	1360904	0	240
